order_id,user_id,order_timestamp,amount
800,937.0,2024-12-21,1500.0
7338,3479.0,2024-04-27,1500.0
17882,4434.0,2024-12-11,1500.0
18058,4100.0,2022-08-03,1500.0
14167,4011.0,2022-02-15,1500.0
8578,1281.0,2024-07-23,1270.0
12294,2007.0,2024-05-24,1500.0
3127,2528.0,2024-06-13,124.0
13290,4481.0,2023-08-06,500.5
196,3897.0,2024-03-16,1500.0
13114,164.0,2024-04-19,1500.0
7692,5860.0,2022-08-25,4308.0
8167,4088.0,2024-02-03,2596.0
3377,1262.0,2024-06-30,1500.0
3144,2327.0,2024-04-22,500.5
231,4479.0,2023-11-04,1500.0
946,2686.0,2024-03-22,1500.0
5385,5998.0,2024-05-10,1500.0
19600,156.0,2023-04-05,500.5
7322,4125.0,2023-02-23,2121.0
452,1778.0,2022-04-04,3410.0
18671,4475.0,2022-03-01,1500.0
2913,4068.0,2024-05-10,500.5
133,677.0,2023-08-28,1500.0
9436,43.0,2022-01-22,1500.0
12419,2650.0,2023-10-27,1998.0
17119,2487.0,2024-08-22,2761.0
3715,3870.0,2024-09-29,500.5
6938,4737.0,2022-06-17,1500.0
16361,2974.0,2022-04-06,1500.0
15026,1317.0,2024-02-11,1500.0
8618,5130.0,2024-07-05,1500.0
1876,1251.0,2022-03-23,500.5
6344,40.0,2022-09-05,500.5
13838,3328.0,2022-01-20,3278.0
939,2050.0,2024-03-30,1500.0
1413,4645.0,2024-07-02,500.5
4349,2668.0,2024-05-19,1500.0
6462,1970.0,2022-04-23,1500.0
4152,395.0,2022-04-07,1500.0
11399,5760.0,2024-03-17,1500.0
16047,4242.0,2022-03-09,1500.0
7388,4533.0,2022-03-04,3385.0
8108,165.0,2024-08-26,1500.0
625,1192.0,2024-04-29,617.0
9566,3820.0,2024-07-14,1500.0
11316,2245.0,2022-11-05,1500.0
5977,1732.0,2024-10-03,3548.0
18816,4646.0,2024-12-23,1500.0
17519,1958.0,2024-02-21,1500.0
12659,559.0,2022-12-10,1500.0
7768,1156.0,2023-03-27,2229.0
6729,4025.0,2023-03-03,803.0
244,2270.0,2023-09-04,1500.0
11772,4285.0,2022-06-06,1500.0
15781,2301.0,2022-07-05,3507.0
938,1320.0,2022-12-17,500.5
683,1596.0,2024-12-15,1500.0
18684,1839.0,2024-09-12,1690.0
15657,5051.0,2024-06-16,763.0
13494,147.0,2022-07-21,1500.0
4419,4161.0,2022-11-20,1500.0
16746,5736.0,2024-03-10,500.5
2500,5453.0,2022-05-12,2408.0
16358,4238.0,2024-10-25,1500.0
295,747.0,2024-12-10,1500.0
8154,989.0,2024-07-12,500.5
8385,5686.0,2023-12-28,500.5
15418,3529.0,2022-09-10,1500.0
7839,4704.0,2022-10-22,1500.0
768,1893.0,2022-08-19,1500.0
5674,5174.0,2022-07-25,1500.0
9394,5396.0,2024-03-09,3151.0
18596,1553.0,2022-10-31,1343.0
1937,2997.0,2023-10-04,1500.0
17781,233.0,2023-09-02,1500.0
7806,1842.0,2024-03-09,1500.0
5037,4420.0,2024-06-05,894.0
6898,1670.0,2022-01-31,3111.0
1105,4673.0,2024-08-27,2049.0
17689,204.0,2022-11-24,500.5
6460,5944.0,2024-01-13,1217.0
6726,3531.0,2022-12-03,1500.0
3093,2671.0,2023-11-22,1601.0
17587,1024.0,2022-02-10,1500.0
10323,1142.0,2022-03-28,1500.0
16028,4085.0,2024-05-12,500.5
19742,260.0,2022-03-29,2948.0
6698,2695.0,2022-02-13,4643.0
18984,754.0,2024-08-25,1500.0
11152,5883.0,2022-10-29,1500.0
3465,4840.0,2023-07-21,3200.0
15805,314.0,2022-11-22,1500.0
541,3985.0,2023-03-31,2726.0
15339,1396.0,2023-10-28,1500.0
4910,886.0,2023-07-01,656.0
15093,949.0,2022-11-21,3106.0
12484,5673.0,2022-01-22,1500.0
4760,3512.0,2022-01-05,4986.0
18471,5378.0,2023-05-07,1500.0
873,530.0,2023-06-04,500.5
18913,3552.0,2024-03-24,1317.0
17693,2435.0,2023-11-07,1992.0
15115,5204.0,2022-02-23,1500.0
18904,4363.0,2023-10-27,3204.0
6139,3650.0,2022-08-23,500.5
8782,1223.0,2024-06-02,1500.0
5723,3898.0,2023-01-25,1500.0
4645,1802.0,2024-04-28,1500.0
6049,706.0,2023-05-27,1500.0
776,5720.0,2022-04-29,500.5
12049,5596.0,2022-04-12,500.5
8634,5281.0,2024-09-11,1500.0
7182,2804.0,2023-12-25,1500.0
18817,5844.0,2023-02-13,500.5
8513,1649.0,2023-07-04,4486.0
15350,1766.0,2024-07-03,1500.0
9017,1375.0,2024-08-07,1500.0
19158,4401.0,2024-03-29,4386.0
4477,2477.0,2022-06-28,1500.0
17393,3761.0,2023-04-17,2962.0
9055,5698.0,2024-04-23,1500.0
1544,3326.0,2023-06-24,1500.0
2632,382.0,2024-12-29,1500.0
17432,5494.0,2023-10-11,1500.0
17372,1288.0,2022-01-16,2221.0
16220,971.0,2022-07-10,1500.0
3643,5672.0,2022-06-15,500.5
6730,3497.0,2022-08-14,4146.0
7295,65.0,2024-02-29,323.0
2553,2437.0,2023-01-13,500.5
17075,3891.0,2022-09-15,1500.0
18662,1902.0,2024-05-21,1500.0
3331,1531.0,2023-07-29,1500.0
12907,5300.0,2024-10-21,1500.0
3460,1407.0,2023-08-16,3097.0
13901,3665.0,2024-03-01,1500.0
16976,3329.0,2024-08-26,3153.0
16339,3212.0,2024-01-31,2923.0
12334,3619.0,2022-02-02,500.5
759,5276.0,2022-10-07,4805.0
15685,1409.0,2022-03-25,1500.0
15247,4890.0,2024-12-20,1500.0
2194,2111.0,2022-10-21,1500.0
805,4890.0,2022-03-18,1500.0
612,3667.0,2022-07-26,690.0
17583,3854.0,2023-10-27,1500.0
12737,2901.0,2023-11-10,1500.0
13301,5561.0,2023-09-27,500.5
6529,1561.0,2024-08-11,1500.0
14920,1652.0,2024-07-17,1500.0
4356,316.0,2023-05-17,1500.0
14859,1753.0,2024-05-13,3243.0
8977,5283.0,2024-12-28,2798.0
1650,4618.0,2022-04-07,1500.0
17344,1450.0,2023-05-04,500.5
12587,2991.0,2022-02-25,500.5
7173,3894.0,2023-08-13,1500.0
3388,3427.0,2022-12-23,1500.0
5330,2863.0,2022-12-08,500.5
1252,3217.0,2022-07-13,500.5
846,424.0,2024-09-30,1500.0
14025,5418.0,2022-02-21,500.5
7801,75.0,2022-10-26,1712.0
2739,283.0,2022-10-11,500.5
725,2111.0,2022-04-03,500.5
11023,2544.0,2023-08-01,1500.0
5070,292.0,2024-10-05,1500.0
18302,2059.0,2022-09-11,784.0
7986,5254.0,2022-07-30,1500.0
4696,5596.0,2022-03-28,1500.0
1215,3809.0,2022-10-13,500.5
449,5283.0,2023-07-05,1500.0
14927,4232.0,2024-11-28,1500.0
9561,2004.0,2024-05-27,1500.0
565,2323.0,2022-04-21,1385.0
156,4809.0,2023-01-29,1500.0
109,517.0,2022-09-22,1500.0
8657,856.0,2023-04-07,1089.0
17678,2195.0,2024-01-29,500.5
17363,2647.0,2024-07-16,1500.0
6764,840.0,2022-12-24,4532.0
1075,4899.0,2024-08-21,3049.0
13303,2321.0,2024-09-26,1500.0
16884,1332.0,2023-11-04,1500.0
15200,1673.0,2023-09-28,1500.0
10831,4544.0,2024-08-22,500.5
1251,1463.0,2022-12-20,500.5
10152,5001.0,2022-04-11,1500.0
9245,5303.0,2022-10-30,1500.0
7565,5868.0,2022-01-03,1919.0
13822,1511.0,2024-09-04,1500.0
18081,4989.0,2023-12-19,500.5
791,405.0,2022-12-01,2804.0
8628,2261.0,2023-12-25,1500.0
9966,5256.0,2024-07-08,3045.0
579,3670.0,2022-12-05,2008.0
2976,2933.0,2024-01-31,3043.0
8187,5971.0,2023-02-28,1500.0
3977,3955.0,2024-11-07,1500.0
9838,4526.0,2023-08-01,1500.0
193,5176.0,2023-04-19,1500.0
17133,5956.0,2022-08-01,500.5
5239,2146.0,2023-02-23,1500.0
5503,2784.0,2024-03-12,1500.0
12689,1023.0,2024-11-05,500.5
1781,1754.0,2024-02-26,1500.0
11074,4358.0,2023-02-04,1500.0
14742,4080.0,2024-10-17,1500.0
13,3224.0,2022-03-19,1500.0
3182,5317.0,2023-05-22,500.5
3733,3133.0,2024-08-27,500.5
18750,3507.0,2023-02-06,1500.0
9015,5560.0,2022-07-12,2447.0
45,3476.0,2024-01-03,2140.0
15983,4851.0,2022-05-13,1500.0
15787,989.0,2024-02-27,1500.0
16624,5378.0,2024-07-09,1500.0
788,2694.0,2022-03-10,109.0
10177,1242.0,2022-10-19,1896.0
10407,4337.0,2022-11-16,1500.0
9603,1126.0,2024-09-05,1500.0
2366,4803.0,2022-08-06,1500.0
8655,3956.0,2024-05-10,1500.0
656,4554.0,2023-08-14,1500.0
14753,5809.0,2023-06-06,1500.0
5871,4050.0,2024-05-27,1500.0
680,5466.0,2023-02-20,4809.0
11999,4838.0,2022-09-18,500.5
13892,5819.0,2022-12-10,393.0
1135,5643.0,2024-07-04,1381.0
17347,5454.0,2024-03-07,4430.0
4819,5356.0,2023-06-01,984.0
19982,1085.0,2022-06-22,500.5
2856,5399.0,2024-02-04,500.5
742,5900.0,2024-10-11,1500.0
889,1685.0,2024-11-04,1500.0
14669,4071.0,2024-04-08,1623.0
46,4873.0,2022-11-06,4469.0
14675,1715.0,2024-10-31,1500.0
11466,1698.0,2024-12-04,1500.0
380,2610.0,2024-07-09,1500.0
117,5597.0,2022-11-15,2858.0
4446,2621.0,2023-04-17,500.5
17810,2969.0,2024-02-13,4353.0
1652,2570.0,2023-06-11,4103.0
14242,264.0,2024-04-26,1500.0
7948,209.0,2023-03-10,633.0
17572,4020.0,2023-05-05,3589.0
19284,5413.0,2022-07-18,866.0
13792,1843.0,2023-02-16,1500.0
131,2684.0,2022-04-02,4926.0
2881,4136.0,2022-11-22,4421.0
18494,872.0,2024-07-28,1864.0
10439,3075.0,2023-10-12,180.0
17729,2713.0,2023-10-09,1500.0
5336,2683.0,2024-06-05,1500.0
8234,907.0,2024-05-14,3791.0
6513,2032.0,2024-08-20,4656.0
15828,1938.0,2024-12-05,500.5
2678,1199.0,2022-05-08,1932.0
15844,2048.0,2024-11-07,1500.0
18000,3954.0,2022-04-20,2697.0
14499,655.0,2023-07-19,1500.0
2645,5682.0,2023-08-25,1500.0
5812,3830.0,2024-01-27,1849.0
7829,2005.0,2024-05-15,1500.0
8835,1595.0,2023-02-07,1500.0
2971,2243.0,2022-10-07,1500.0
7688,3141.0,2022-05-19,1500.0
7606,191.0,2022-10-20,500.5
7352,5474.0,2024-12-22,1500.0
9221,1709.0,2022-11-23,500.5
1232,4332.0,2023-03-22,1500.0
11321,1293.0,2023-06-26,1500.0
2327,4877.0,2024-09-09,500.5
862,1047.0,2022-09-27,1500.0
15877,439.0,2022-01-27,1500.0
12514,5439.0,2024-01-03,500.5
17871,3370.0,2023-04-06,1500.0
1599,4383.0,2024-02-23,500.5
12487,3988.0,2023-05-23,1500.0
1625,5835.0,2022-12-19,500.5
19925,2513.0,2022-07-05,564.0
18488,810.0,2024-10-30,1500.0
7263,2424.0,2024-04-05,3612.0
3731,2590.0,2023-12-11,1500.0
113,1295.0,2024-12-11,1500.0
11805,1783.0,2023-05-07,1500.0
7910,3450.0,2022-02-23,1500.0
19422,4080.0,2023-06-21,1500.0
18759,1830.0,2022-06-20,1500.0
12885,750.0,2022-07-20,500.5
15819,3094.0,2024-02-03,500.5
5386,843.0,2022-12-21,500.5
13679,4365.0,2024-04-09,230.0
17315,829.0,2023-09-05,1500.0
12047,3368.0,2022-08-30,1500.0
8165,5305.0,2023-06-14,337.0
11692,2078.0,2022-12-23,1500.0
14241,3679.0,2023-10-20,500.5
15061,4008.0,2023-05-11,1500.0
6271,503.0,2022-07-11,500.5
12955,4501.0,2022-12-27,1502.0
17697,2119.0,2023-10-26,1500.0
10088,5197.0,2022-10-23,1963.0
12757,377.0,2024-11-15,1500.0
12358,4542.0,2023-09-11,3564.0
9880,1079.0,2022-01-02,1500.0
5228,4530.0,2023-06-06,500.5
1218,2991.0,2022-11-18,1500.0
19009,5805.0,2022-04-15,1500.0
14893,5105.0,2024-08-14,1500.0
4321,1556.0,2022-06-18,1500.0
4802,5997.0,2024-01-02,1500.0
15813,3946.0,2024-01-25,500.5
17850,3463.0,2024-10-18,1500.0
13555,3939.0,2022-12-21,1500.0
13772,459.0,2022-01-14,1500.0
17412,5502.0,2024-12-16,3156.0
14933,1342.0,2023-11-05,1500.0
15207,844.0,2023-10-14,4729.0
13978,3993.0,2023-10-16,2274.0
19748,799.0,2024-03-10,2452.0
6345,4641.0,2023-08-21,4608.0
3551,3695.0,2022-08-31,1500.0
342,5711.0,2024-05-27,500.5
10561,4522.0,2023-05-14,1500.0
15006,1887.0,2024-12-12,1325.0
8459,3081.0,2024-07-28,1867.0
4771,4503.0,2022-07-05,1656.0
18599,3665.0,2022-08-31,1500.0
8279,5213.0,2023-08-06,1500.0
16778,2327.0,2023-12-17,383.0
10845,5365.0,2023-02-27,3495.0
12313,2638.0,2024-05-03,500.5
2607,2209.0,2023-05-06,500.5
5460,3941.0,2023-02-24,1500.0
15806,1315.0,2024-10-22,1936.0
9560,4077.0,2024-08-02,180.0
6997,5606.0,2024-07-28,1500.0
12564,1267.0,2024-11-07,500.5
10116,5837.0,2022-07-16,4717.0
5724,1997.0,2022-10-09,1500.0
7313,1326.0,2023-10-12,3760.0
733,3911.0,2023-09-12,1500.0
10694,1008.0,2022-11-24,703.0
17682,3244.0,2023-06-23,1500.0
10622,2512.0,2022-01-07,500.5
13562,2244.0,2023-04-05,901.0
5069,4288.0,2024-02-15,1477.0
17719,2747.0,2024-03-06,1500.0
6598,5941.0,2022-10-21,500.5
19773,5485.0,2022-04-07,2508.0
15866,5600.0,2024-04-15,3747.0
8166,2846.0,2024-11-30,1500.0
7225,2109.0,2022-02-08,500.5
7928,872.0,2024-10-29,1500.0
4007,2532.0,2022-06-18,1193.0
15541,5337.0,2023-06-15,4795.0
3333,2329.0,2024-11-24,1500.0
13784,3707.0,2023-04-01,1500.0
1260,5400.0,2022-04-20,1500.0
12777,3652.0,2024-05-20,1500.0
18586,3990.0,2022-01-27,1500.0
7019,3330.0,2023-04-06,4434.0
4468,3459.0,2023-02-27,1483.0
12267,2760.0,2022-10-28,3499.0
11225,2855.0,2023-05-24,500.5
12864,5952.0,2022-09-09,500.5
1577,261.0,2022-07-16,1168.0
12471,1292.0,2022-04-02,1500.0
12437,1479.0,2024-11-04,2873.0
839,163.0,2022-08-06,1500.0
5117,3022.0,2023-05-09,1500.0
19401,2405.0,2023-05-10,1500.0
3866,5434.0,2024-12-10,552.0
9576,5707.0,2024-04-23,500.5
16464,5510.0,2024-02-25,1500.0
12539,2431.0,2024-12-01,1756.0
19138,3888.0,2023-10-10,1721.0
13609,3933.0,2022-11-19,4278.0
3052,578.0,2023-08-13,2067.0
465,3156.0,2022-12-01,4449.0
11362,4783.0,2023-09-19,1500.0
2600,3956.0,2022-04-02,416.0
11702,3804.0,2024-01-30,500.5
395,5898.0,2023-07-25,630.0
19403,2748.0,2022-01-22,2964.0
2897,1508.0,2023-12-31,1500.0
12690,5847.0,2024-10-25,1500.0
12724,1921.0,2022-10-21,1028.0
3412,1399.0,2023-03-12,3697.0
7769,2413.0,2023-07-21,2828.0
550,3800.0,2022-03-26,1500.0
13973,2211.0,2024-06-23,1500.0
8924,4406.0,2024-12-23,3074.0
18256,3785.0,2024-01-25,1500.0
4378,267.0,2023-09-09,1075.0
988,4312.0,2022-10-24,2656.0
11549,3880.0,2024-07-19,837.0
18387,3991.0,2024-04-21,3743.0
18837,3848.0,2024-02-21,3149.0
767,1013.0,2023-10-28,602.0
2126,2318.0,2022-03-10,1500.0
11133,688.0,2023-10-23,1500.0
11229,1571.0,2023-05-20,500.5
17037,5821.0,2024-07-31,1500.0
17441,1314.0,2023-02-16,1568.0
8230,2469.0,2022-05-20,1500.0
3728,2697.0,2024-06-18,4132.0
9464,1165.0,2024-07-22,2031.0
7892,4462.0,2022-07-31,500.5
6027,723.0,2023-01-05,2557.0
7909,5636.0,2024-12-14,3949.0
4070,892.0,2022-01-07,1500.0
14228,691.0,2024-05-17,2136.0
17655,1298.0,2024-09-18,500.5
104,1444.0,2022-09-16,500.5
12158,409.0,2023-06-17,1500.0
15302,4681.0,2024-05-24,2035.0
14363,5394.0,2024-10-26,1500.0
16193,1675.0,2022-03-29,1500.0
8369,281.0,2024-10-18,500.5
10375,3945.0,2022-05-13,1180.0
8493,5353.0,2024-12-23,605.0
7584,5195.0,2022-03-26,1062.0
4069,2662.0,2024-11-05,1500.0
9822,360.0,2023-01-09,1500.0
10461,4114.0,2023-06-01,1500.0
12991,4676.0,2023-06-07,1500.0
12727,4617.0,2024-05-14,1500.0
3110,2843.0,2022-12-11,1500.0
2517,4743.0,2022-12-10,500.5
16861,5745.0,2023-10-23,500.5
2746,4316.0,2024-05-20,1500.0
9898,5557.0,2023-07-09,3109.0
18266,2557.0,2024-03-26,500.5
11769,5837.0,2024-07-20,3682.0
8022,4849.0,2022-06-30,1500.0
13127,1934.0,2023-08-10,500.5
24,3661.0,2023-09-13,1500.0
10287,1212.0,2024-09-15,1500.0
19538,3669.0,2024-05-23,3668.0
6928,3638.0,2024-10-03,1500.0
13422,3903.0,2022-02-16,3050.0
19019,5375.0,2023-02-21,500.5
11627,4120.0,2023-04-28,500.5
5370,1516.0,2023-02-10,1500.0
15186,1460.0,2022-10-21,1500.0
17351,3074.0,2023-02-01,3667.0
7635,1788.0,2024-09-07,1913.0
18803,5613.0,2022-09-19,500.5
5483,3675.0,2022-03-22,4682.0
10950,4820.0,2024-04-23,1500.0
18332,778.0,2022-03-24,2337.0
12405,2440.0,2024-07-16,1500.0
16549,1568.0,2023-11-09,1500.0
3950,5252.0,2022-12-16,1500.0
14068,1913.0,2023-02-02,1500.0
12666,2890.0,2023-07-25,2577.0
4013,298.0,2022-10-06,1500.0
14084,2870.0,2024-10-19,500.5
2454,2040.0,2023-10-18,1500.0
19619,2214.0,2022-05-31,4155.0
13622,3924.0,2022-10-09,3503.0
11897,3408.0,2022-01-06,1500.0
18590,412.0,2023-11-08,500.5
4084,3000.0,2023-03-17,3660.0
5815,726.0,2023-01-08,500.5
4042,4804.0,2023-06-19,4058.0
16331,3157.0,2023-11-04,1500.0
17973,3518.0,2022-08-06,500.5
7107,3090.0,2022-03-15,1500.0
17280,2455.0,2022-09-10,1914.0
14304,5870.0,2024-02-24,1500.0
2273,1889.0,2023-04-26,1500.0
15613,3549.0,2022-04-04,500.5
4095,1537.0,2024-03-09,2234.0
6000,1141.0,2023-04-11,730.0
2137,313.0,2022-10-07,1500.0
4235,4499.0,2022-01-17,820.0
5983,3784.0,2023-11-05,1500.0
13540,4552.0,2022-12-12,1500.0
6742,4909.0,2022-08-26,1500.0
98,4073.0,2023-04-21,1500.0
19090,4890.0,2023-09-30,1500.0
975,5705.0,2024-09-01,1500.0
2911,1208.0,2022-10-08,1500.0
16815,437.0,2024-04-26,1500.0
5040,638.0,2023-03-11,1500.0
18916,4245.0,2024-03-09,1500.0
7566,4165.0,2023-05-28,360.0
16473,4667.0,2024-01-07,1500.0
4650,5071.0,2022-01-10,500.5
6290,3425.0,2022-05-05,1500.0
4386,5965.0,2023-01-20,1500.0
919,3396.0,2024-10-23,500.5
466,3426.0,2024-04-28,1877.0
349,5502.0,2022-03-13,1500.0
8000,877.0,2022-09-06,1500.0
3129,5823.0,2022-01-19,1500.0
18767,429.0,2022-08-03,500.5
12110,904.0,2023-06-25,1500.0
17941,1609.0,2023-05-21,500.5
1175,298.0,2023-07-20,3417.0
17334,4678.0,2024-03-11,1500.0
2819,266.0,2022-12-12,500.5
6336,4177.0,2024-05-13,4025.0
15917,5104.0,2023-03-27,2630.0
3053,2712.0,2022-07-12,1500.0
1418,269.0,2022-02-28,356.0
16365,3755.0,2023-11-16,1500.0
17175,2759.0,2022-10-02,500.5
14301,548.0,2023-11-08,1500.0
7177,2954.0,2022-09-03,3841.0
9982,3972.0,2022-04-23,1500.0
6021,5335.0,2022-10-02,4404.0
18870,2550.0,2023-05-14,500.5
7024,4600.0,2022-09-02,1500.0
18359,719.0,2024-07-03,1500.0
17589,1826.0,2024-06-25,1500.0
8509,1318.0,2024-11-05,1500.0
2284,4549.0,2024-11-22,622.0
5612,3614.0,2024-02-25,369.0
9581,2203.0,2022-02-20,1500.0
12798,3831.0,2024-06-06,1500.0
4688,305.0,2023-01-14,1500.0
8272,1784.0,2024-12-20,2955.0
10880,4372.0,2023-02-02,1500.0
3363,2971.0,2022-06-23,1500.0
18580,2097.0,2023-11-18,1500.0
7306,3937.0,2022-10-25,1500.0
18681,711.0,2022-02-24,2702.0
17366,3143.0,2024-06-30,1500.0
11239,4377.0,2023-11-23,2853.0
812,5275.0,2024-12-27,1500.0
5842,5007.0,2024-10-28,1500.0
17955,5487.0,2022-10-01,500.5
4104,5559.0,2024-10-11,1500.0
15489,3131.0,2023-12-30,1500.0
6430,1887.0,2023-12-14,4291.0
11094,465.0,2024-05-28,1500.0
18255,2800.0,2023-02-23,500.5
16805,3697.0,2022-08-30,1500.0
10557,3299.0,2022-12-14,1500.0
17556,2285.0,2024-12-13,1166.0
17503,2196.0,2024-05-25,3108.0
18343,3464.0,2022-02-14,1500.0
8572,56.0,2023-04-25,1500.0
76,2283.0,2024-07-12,3400.0
13362,655.0,2024-10-19,1500.0
9360,271.0,2022-07-23,218.0
14148,555.0,2022-12-26,1500.0
14259,4814.0,2023-01-16,1500.0
3895,2574.0,2022-05-19,3704.0
2345,5605.0,2023-07-15,500.5
3086,1301.0,2023-05-11,500.5
16962,1026.0,2023-10-04,500.5
13190,153.0,2024-08-21,1500.0
13094,5668.0,2024-03-06,4988.0
10820,1725.0,2023-10-22,1500.0
9831,5074.0,2024-07-15,3301.0
19343,1241.0,2023-03-02,1500.0
18761,5743.0,2024-07-08,4996.0
12891,3962.0,2022-07-05,605.0
19825,455.0,2022-03-17,500.5
12916,2429.0,2024-05-27,1500.0
5083,364.0,2024-01-28,1500.0
1931,73.0,2023-11-16,1500.0
1586,4469.0,2023-05-30,1863.0
16131,1712.0,2023-12-03,1500.0
16392,1645.0,2022-06-01,1500.0
18621,4153.0,2023-03-18,3810.0
54,1073.0,2023-05-27,1500.0
15311,3498.0,2024-09-21,1500.0
3374,4667.0,2024-09-26,1500.0
8880,5978.0,2024-09-06,2951.0
13810,3815.0,2024-03-18,1500.0
16876,2672.0,2022-02-07,206.0
18954,3049.0,2023-09-26,1500.0
9388,4559.0,2024-06-23,1500.0
2429,5153.0,2024-03-08,4338.0
9715,5423.0,2023-01-20,1500.0
394,500.0,2022-09-28,1500.0
6853,2663.0,2022-11-20,1500.0
6877,3029.0,2023-06-14,1500.0
4986,5015.0,2023-10-27,2713.0
2088,3148.0,2022-05-28,1500.0
19546,1946.0,2024-11-20,1500.0
12297,5696.0,2023-08-21,500.5
3555,5368.0,2023-01-22,1500.0
13793,4652.0,2022-08-25,1500.0
384,5135.0,2022-06-25,1500.0
6746,3220.0,2022-04-03,1500.0
14990,1821.0,2024-10-27,1500.0
16659,2293.0,2023-09-19,1500.0
7233,1071.0,2022-07-15,1500.0
17515,4629.0,2022-08-24,500.5
4673,2968.0,2023-05-29,1500.0
12034,2225.0,2024-01-05,500.5
18403,4519.0,2024-07-12,1500.0
5013,3258.0,2022-08-20,3199.0
704,2977.0,2024-10-16,124.0
2381,3558.0,2023-11-29,1500.0
16973,5989.0,2023-09-30,1500.0
640,5482.0,2023-05-24,1500.0
3021,928.0,2022-09-07,3682.0
1864,4527.0,2024-01-27,1500.0
3695,1898.0,2024-01-28,1878.0
10321,2571.0,2024-05-28,4861.0
1997,4432.0,2023-10-08,1500.0
18378,5128.0,2023-12-15,500.5
2807,5028.0,2022-01-25,500.5
11825,5548.0,2022-09-25,3359.0
7837,270.0,2024-03-22,500.5
5864,3803.0,2023-08-03,1220.0
2034,218.0,2023-05-18,1500.0
19488,2931.0,2023-07-01,2849.0
12989,5726.0,2022-03-15,1500.0
8177,4895.0,2023-11-21,1500.0
12819,3161.0,2022-11-19,1500.0
700,3956.0,2024-03-07,1500.0
313,2758.0,2022-09-24,1500.0
2462,1082.0,2024-03-13,1500.0
15220,768.0,2023-04-15,1500.0
17342,4875.0,2023-04-03,994.0
14959,5885.0,2024-04-24,4927.0
6159,5374.0,2023-09-18,948.0
11301,3297.0,2024-03-15,1500.0
2551,5571.0,2023-01-07,1500.0
3933,1406.0,2024-09-21,882.0
9222,4546.0,2022-09-26,1500.0
1809,3786.0,2024-08-26,3746.0
17531,3622.0,2023-09-09,4816.0
8948,4370.0,2022-05-19,500.5
11065,3521.0,2023-10-09,4752.0
8445,3405.0,2023-05-04,1778.0
14498,4301.0,2024-10-21,3978.0
1966,4711.0,2023-03-03,500.5
14192,5719.0,2022-04-05,1500.0
114,1098.0,2024-11-21,1500.0
3972,184.0,2023-03-26,500.5
825,1259.0,2022-10-03,4400.0
11059,1497.0,2022-07-23,2698.0
8868,1667.0,2024-02-07,649.0
965,4359.0,2024-06-08,1500.0
15051,4763.0,2023-08-14,3149.0
9133,2533.0,2023-08-22,500.5
15104,835.0,2023-05-06,1500.0
12469,81.0,2022-11-07,1500.0
5161,4680.0,2024-09-15,2612.0
18504,5746.0,2023-04-25,1500.0
12462,2209.0,2023-03-16,1500.0
16955,421.0,2022-08-06,1500.0
4354,5269.0,2024-02-01,1500.0
9429,2555.0,2023-05-20,1601.0
8490,2970.0,2022-11-27,2226.0
6735,3311.0,2022-02-14,1500.0
4844,4438.0,2023-11-18,1500.0
7766,2275.0,2022-12-25,500.5
2569,1547.0,2022-07-31,2462.0
11205,1455.0,2022-04-12,500.5
9990,1020.0,2022-05-04,500.5
1575,3624.0,2024-11-17,500.5
7087,5524.0,2023-05-03,500.5
17186,352.0,2022-08-05,1500.0
354,1169.0,2024-06-27,500.5
7579,3330.0,2024-03-09,1500.0
3604,3463.0,2022-08-15,3386.0
7926,1061.0,2022-10-08,1500.0
10306,5525.0,2024-09-29,1500.0
12457,1276.0,2022-10-09,500.5
6020,3771.0,2024-05-21,500.5
11179,4046.0,2022-07-18,1500.0
5044,597.0,2023-11-10,4610.0
1440,4539.0,2022-05-17,1500.0
16496,2003.0,2023-05-28,500.5
13209,3637.0,2022-06-23,500.5
13347,3258.0,2022-11-20,1500.0
11751,560.0,2022-04-01,1500.0
9986,1294.0,2023-07-31,1500.0
9930,2752.0,2022-07-31,157.0
1254,4725.0,2024-09-01,140.0
12183,223.0,2024-07-08,500.5
13231,5874.0,2024-05-17,1500.0
856,23.0,2024-11-28,1500.0
11611,5475.0,2023-12-12,1453.0
8522,5842.0,2022-01-31,1500.0
13740,382.0,2024-10-19,4579.0
2451,3187.0,2023-12-04,500.5
16605,3129.0,2022-03-05,500.5
17855,982.0,2022-07-18,1500.0
2514,1947.0,2023-06-12,435.0
12078,3254.0,2024-11-05,3390.0
19494,4705.0,2024-10-19,1500.0
3570,2331.0,2024-05-12,1500.0
6095,5088.0,2024-03-25,1500.0
17042,5900.0,2024-04-18,4724.0
1773,4102.0,2024-08-01,1500.0
14113,1336.0,2022-06-18,1653.0
19198,4097.0,2024-10-13,1500.0
7553,5988.0,2022-11-07,4891.0
13021,5067.0,2022-02-13,1500.0
11976,4404.0,2023-01-14,3298.0
16557,3157.0,2023-05-01,4519.0
18085,4129.0,2024-09-13,759.0
13505,4867.0,2023-09-22,1500.0
4935,4484.0,2023-12-30,500.5
2050,5501.0,2024-10-13,1500.0
14054,2422.0,2024-04-07,1500.0
11261,3442.0,2024-02-06,1207.0
15755,909.0,2024-01-15,2644.0
8881,3623.0,2022-12-23,3331.0
14350,3069.0,2024-01-23,4068.0
18147,3847.0,2022-10-02,3363.0
17837,980.0,2023-07-25,500.5
18442,1620.0,2023-11-15,814.0
19434,4641.0,2023-03-15,4886.0
2203,1589.0,2024-01-07,500.5
12613,3585.0,2023-03-15,2146.0
12388,262.0,2024-10-06,500.5
18548,3340.0,2022-09-27,1500.0
15542,509.0,2023-09-19,1500.0
12986,2227.0,2022-04-09,1699.0
18865,318.0,2023-05-07,1249.0
10975,233.0,2022-02-04,500.5
1266,857.0,2024-06-28,1500.0
8936,4739.0,2024-09-04,1500.0
15346,2094.0,2023-12-23,500.5
3257,2908.0,2023-12-02,500.0
7226,1943.0,2022-08-13,1500.0
18215,1927.0,2024-10-16,1491.0
761,445.0,2024-02-18,500.5
11460,237.0,2023-07-08,500.5
1573,3770.0,2024-11-09,1500.0
15464,3633.0,2024-11-01,655.0
18631,5880.0,2022-03-17,1500.0
3188,5568.0,2023-09-26,3195.0
5232,2603.0,2023-10-30,1500.0
9910,4974.0,2022-05-11,1500.0
2948,1866.0,2022-12-30,1500.0
18755,593.0,2022-09-13,1500.0
4027,3533.0,2022-05-09,1500.0
1234,3765.0,2022-10-25,1500.0
2047,4337.0,2024-10-10,1500.0
3761,480.0,2024-02-20,2105.0
11914,5803.0,2024-05-09,1500.0
3630,5638.0,2022-07-25,500.5
7968,4345.0,2024-03-29,1500.0
6786,2101.0,2024-12-08,1500.0
12673,4273.0,2023-08-31,3452.0
16969,5242.0,2023-06-01,500.5
6614,5916.0,2022-10-07,500.5
14905,1737.0,2024-08-19,500.5
6932,724.0,2023-08-14,1500.0
19966,1024.0,2024-06-22,2106.0
2437,1980.0,2022-08-07,3307.0
12627,4119.0,2024-05-22,1500.0
14133,773.0,2023-12-09,1500.0
6255,3567.0,2022-08-27,2358.0
11446,2606.0,2024-09-19,1500.0
13575,4670.0,2023-06-03,1500.0
6076,891.0,2024-06-27,2954.0
6615,3455.0,2024-05-06,3165.0
9128,990.0,2022-03-24,2879.0
3474,340.0,2022-07-16,500.5
6801,766.0,2022-02-10,1500.0
9127,3639.0,2022-11-19,1500.0
6069,3748.0,2024-12-30,1500.0
14581,3180.0,2022-12-17,500.5
9312,795.0,2023-06-01,500.5
6593,4195.0,2022-05-22,787.0
19289,1609.0,2023-04-18,1500.0
18847,4090.0,2024-05-02,1500.0
424,2962.0,2023-05-14,3631.0
12868,1751.0,2022-04-04,1500.0
9969,4456.0,2023-02-21,1500.0
10719,350.0,2023-12-11,1500.0
7962,4370.0,2022-04-19,1500.0
5749,3628.0,2022-03-25,1500.0
729,4856.0,2024-05-14,1624.0
2814,724.0,2023-09-08,1500.0
10479,3687.0,2022-05-22,500.5
7960,5066.0,2024-11-25,1500.0
4523,3059.0,2024-03-21,500.5
784,3182.0,2024-08-20,2296.0
2254,2696.0,2024-04-21,1500.0
10483,896.0,2022-06-25,370.0
17226,1509.0,2024-11-24,1500.0
7538,1034.0,2024-04-14,3445.0
8352,1890.0,2023-11-10,1500.0
16727,5529.0,2024-04-21,809.0
9657,4963.0,2024-08-08,1500.0
18640,2340.0,2023-01-09,637.0
3779,622.0,2022-06-01,1500.0
804,5944.0,2023-07-04,500.5
3125,2199.0,2023-11-06,1500.0
5284,3425.0,2023-04-04,1500.0
15908,4910.0,2022-06-04,1500.0
9112,5620.0,2023-11-19,500.5
15390,5646.0,2023-01-26,500.5
2641,2890.0,2023-06-18,1500.0
5182,2287.0,2024-05-20,1500.0
11475,2845.0,2022-04-19,4948.0
1483,4924.0,2022-12-10,500.5
17902,3536.0,2024-05-06,2985.0
8162,4541.0,2024-02-08,3252.0
3482,5913.0,2023-02-22,3047.0
1853,4574.0,2022-03-27,1500.0
18157,2131.0,2023-12-13,500.5
16265,2177.0,2022-05-22,1500.0
18900,2735.0,2024-01-18,137.0
12160,5037.0,2024-05-05,500.5
3436,5073.0,2022-04-14,1500.0
16689,4904.0,2023-03-17,1500.0
19554,2390.0,2023-12-11,1500.0
816,592.0,2022-08-30,1500.0
16126,1947.0,2022-07-11,3044.0
13704,932.0,2023-04-19,1222.0
2921,5797.0,2022-10-16,500.5
11263,1828.0,2023-05-06,1500.0
8481,5076.0,2023-08-20,1807.0
7531,5985.0,2022-09-01,1500.0
10944,2382.0,2023-12-06,1500.0
16187,5066.0,2022-09-05,1500.0
7620,1640.0,2023-08-22,4220.0
503,4121.0,2023-01-21,1500.0
16179,4616.0,2022-03-07,1500.0
13493,4183.0,2022-09-25,1500.0
11363,3472.0,2023-12-27,1500.0
16472,3336.0,2023-08-10,3987.0
7246,1723.0,2023-01-10,2659.0
5909,3174.0,2024-05-29,1500.0
14058,4652.0,2023-11-20,1500.0
2936,3810.0,2024-11-27,1324.0
3504,4323.0,2022-02-11,1500.0
8276,3869.0,2022-12-30,584.0
8839,3056.0,2024-11-06,1500.0
18318,2900.0,2023-01-23,1500.0
16683,3671.0,2024-03-11,1500.0
10121,2129.0,2023-05-27,1500.0
6279,3821.0,2023-05-10,1500.0
2289,4415.0,2023-04-21,1500.0
19106,5861.0,2023-06-27,500.5
14252,361.0,2022-07-14,1784.0
10833,5889.0,2022-01-23,500.5
12434,3882.0,2022-03-05,1500.0
11176,3396.0,2023-02-25,3200.0
2916,2325.0,2023-06-01,1500.0
6644,3353.0,2023-09-05,1500.0
4766,4449.0,2022-11-01,1500.0
12741,5144.0,2024-10-07,1500.0
3726,3398.0,2023-07-11,1500.0
19021,5891.0,2022-01-02,1500.0
7484,1010.0,2024-09-24,1500.0
16173,2865.0,2022-04-19,2437.0
10871,1375.0,2022-03-09,1500.0
4667,3300.0,2024-09-05,1500.0
3774,1451.0,2022-03-13,4683.0
1311,5124.0,2024-04-17,1500.0
17492,1408.0,2022-04-01,2412.0
4342,4042.0,2022-03-24,1500.0
16359,3306.0,2023-06-13,844.0
16751,3579.0,2022-10-30,500.5
5159,3384.0,2022-08-30,435.0
2894,4893.0,2024-03-14,3884.0
9246,2668.0,2023-10-31,1500.0
7899,705.0,2024-09-21,500.5
563,1101.0,2023-01-10,500.5
15800,586.0,2023-02-09,1500.0
13840,1357.0,2022-07-01,1500.0
10486,5551.0,2024-08-25,1500.0
3635,2313.0,2022-12-17,2715.0
8467,1391.0,2022-07-11,930.0
6693,771.0,2024-04-14,1500.0
16271,775.0,2022-03-17,1500.0
19536,4991.0,2024-06-18,1500.0
18729,3815.0,2022-07-08,1500.0
8357,3467.0,2024-04-10,1500.0
18733,1246.0,2023-09-12,2257.0
19798,5535.0,2024-07-06,1500.0
2748,1231.0,2023-08-27,514.0
3945,5842.0,2022-12-07,1500.0
7243,2551.0,2024-12-03,1215.0
17566,4402.0,2022-10-10,1500.0
19172,5143.0,2024-06-16,1500.0
8539,4601.0,2022-01-09,613.0
7718,4164.0,2023-01-18,849.0
11347,168.0,2022-06-21,4809.0
14926,3772.0,2023-01-23,4580.0
223,5513.0,2023-05-10,1500.0
17345,1105.0,2023-02-04,1500.0
5249,1997.0,2023-10-18,500.5
17386,2318.0,2024-05-27,1568.0
11266,719.0,2023-09-14,500.5
3258,4618.0,2024-06-03,1500.0
12058,4512.0,2024-10-27,500.5
6525,1223.0,2024-05-10,1500.0
7916,1537.0,2022-02-24,500.5
13016,9.0,2023-05-27,1500.0
7164,4611.0,2022-05-17,4361.0
14542,2271.0,2023-11-25,500.5
1522,3273.0,2022-11-18,1601.0
19976,4158.0,2023-12-30,2119.0
9689,2150.0,2022-05-19,1802.0
8466,5648.0,2022-08-21,4869.0
686,4978.0,2024-08-31,1500.0
5388,4604.0,2022-10-06,500.5
4379,4811.0,2024-05-22,4242.0
1412,3442.0,2024-02-14,1500.0
8122,4217.0,2023-10-12,500.5
1368,5338.0,2024-12-23,687.0
3044,382.0,2022-08-28,1684.0
10126,4558.0,2023-03-26,4972.0
1616,1984.0,2022-03-12,2962.0
15037,5904.0,2023-05-18,1500.0
11932,1641.0,2022-09-07,1645.0
6879,5628.0,2022-06-01,1500.0
11309,2902.0,2023-07-04,500.5
12794,4361.0,2024-05-31,1500.0
14170,1359.0,2024-09-26,1500.0
5925,1105.0,2024-06-08,500.5
17135,2869.0,2023-11-01,1500.0
3515,5582.0,2024-04-29,500.5
4336,3176.0,2024-05-20,1500.0
16514,121.0,2024-05-13,1500.0
4527,943.0,2023-12-29,4587.0
14144,853.0,2023-12-10,500.5
13239,3279.0,2024-03-11,1069.0
4893,4523.0,2024-07-21,1500.0
16005,4820.0,2022-05-31,2206.0
19397,646.0,2022-12-09,1823.0
37,2425.0,2022-07-23,1500.0
183,4566.0,2023-07-10,1500.0
615,4489.0,2024-07-24,500.5
18369,3546.0,2024-03-07,1500.0
15307,3650.0,2024-06-13,1500.0
18358,4156.0,2022-05-15,500.5
5491,4825.0,2024-05-17,1500.0
18966,837.0,2022-03-06,4189.0
5274,3358.0,2024-02-13,1500.0
3758,2265.0,2023-11-16,500.5
4443,234.0,2022-07-11,1500.0
993,5424.0,2023-01-08,1500.0
19312,3381.0,2024-05-08,1409.0
13176,2519.0,2023-01-30,1500.0
4569,652.0,2023-10-23,2724.0
5116,2709.0,2024-10-13,500.5
18756,3050.0,2023-02-27,3140.0
15886,3071.0,2024-03-18,701.0
13235,5507.0,2022-12-29,500.5
16885,3994.0,2023-12-26,758.0
11287,1151.0,2024-08-14,2864.0
6101,3317.0,2023-01-13,1500.0
18282,5570.0,2024-07-21,744.0
16819,343.0,2024-12-13,1500.0
17069,2592.0,2024-06-21,1500.0
2344,2008.0,2023-10-06,2118.0
9732,4414.0,2023-11-13,4226.0
10724,113.0,2022-08-20,1500.0
10484,3127.0,2024-12-10,1990.0
6218,4025.0,2023-07-29,1500.0
19944,4735.0,2024-02-13,1500.0
9921,911.0,2023-12-02,1500.0
7644,845.0,2023-01-06,1500.0
8554,439.0,2022-05-22,1500.0
16986,1230.0,2023-07-15,500.5
9920,2161.0,2022-10-11,1500.0
6550,5890.0,2022-06-22,4500.0
1088,1188.0,2022-04-07,500.5
18754,348.0,2024-03-29,500.5
10840,5369.0,2023-12-01,1500.0
9064,1613.0,2022-03-20,1500.0
82,5726.0,2024-10-16,1500.0
16620,2901.0,2022-08-18,1433.0
17794,3810.0,2024-10-26,1500.0
3798,5107.0,2023-06-26,4208.0
159,5180.0,2023-08-01,500.5
15767,4444.0,2024-09-03,1500.0
6952,5000.0,2023-12-21,1500.0
11449,3081.0,2022-09-05,1500.0
17456,3641.0,2022-12-29,500.5
13369,3493.0,2022-11-04,1500.0
5225,1241.0,2022-08-16,1500.0
8650,1742.0,2022-05-19,1500.0
19702,5396.0,2022-10-19,500.5
17707,101.0,2024-02-16,1500.0
14560,5788.0,2024-06-27,1500.0
4058,3054.0,2022-09-10,4184.0
14165,5754.0,2022-09-08,500.5
12081,1126.0,2024-02-16,1500.0
12259,1694.0,2023-06-25,1500.0
7885,4186.0,2024-05-30,500.5
12347,153.0,2023-03-12,1500.0
1206,4442.0,2022-06-20,3136.0
5628,1233.0,2024-04-19,4495.0
6310,1055.0,2023-06-05,1500.0
5351,1049.0,2023-09-27,500.5
16082,2352.0,2022-08-26,123.0
19837,4421.0,2023-04-11,1774.0
983,1903.0,2022-08-27,1500.0
8720,1966.0,2023-05-30,1500.0
6221,3834.0,2024-02-04,2123.0
13449,4618.0,2022-04-01,1500.0
14284,3770.0,2022-12-17,1500.0
14246,2735.0,2024-07-10,3055.0
7723,5065.0,2024-01-05,1205.0
6686,5097.0,2023-02-17,1604.0
16562,913.0,2023-08-14,1500.0
17528,1864.0,2024-07-18,3481.0
10896,805.0,2024-11-02,1500.0
12330,4772.0,2022-10-01,358.0
5731,5181.0,2024-06-09,1500.0
3386,4881.0,2024-03-08,4268.0
6186,4875.0,2024-07-19,4019.0
2466,675.0,2023-06-06,1500.0
2770,599.0,2022-10-12,1500.0
4854,438.0,2024-06-09,500.5
5733,3297.0,2024-02-07,1500.0
5575,841.0,2024-05-10,1500.0
2412,1251.0,2023-02-02,2844.0
1162,710.0,2023-03-11,500.5
4005,2275.0,2023-09-04,1500.0
15698,5795.0,2024-10-30,2678.0
12162,5450.0,2023-08-31,500.5
8640,5044.0,2022-02-14,1500.0
8800,1541.0,2023-03-13,2163.0
12732,5173.0,2022-08-25,1500.0
10079,756.0,2024-12-13,1500.0
4101,1396.0,2023-02-28,1500.0
10518,2179.0,2022-02-25,4538.0
18329,101.0,2023-06-04,1559.0
6989,4858.0,2024-04-15,1500.0
10805,2483.0,2024-08-18,1500.0
4246,5937.0,2022-09-24,1500.0
15695,1868.0,2023-04-05,500.5
1461,5088.0,2024-07-07,500.5
16072,2020.0,2023-10-07,1500.0
2186,4058.0,2022-03-02,1500.0
17236,4546.0,2022-11-03,1006.0
16125,1143.0,2023-02-27,1125.0
12893,2115.0,2024-09-20,2325.0
5347,1286.0,2024-05-15,1500.0
3069,1119.0,2024-03-29,220.0
9664,4799.0,2024-01-01,500.5
10047,1342.0,2024-04-22,1500.0
155,1628.0,2022-08-07,500.5
13804,3183.0,2022-12-15,1500.0
5307,100.0,2024-06-07,1500.0
19029,4752.0,2024-10-28,1500.0
7967,5206.0,2024-01-07,1500.0
17696,4179.0,2023-09-11,1547.0
4761,1378.0,2023-08-16,1500.0
11243,5634.0,2023-06-10,610.0
4396,460.0,2023-06-12,3964.0
15899,927.0,2022-01-14,500.5
1943,2571.0,2024-07-20,1500.0
10379,4439.0,2022-08-23,500.5
6286,577.0,2024-05-31,1500.0
297,2055.0,2024-09-09,845.0
12277,3150.0,2023-02-11,2335.0
16559,3404.0,2023-01-19,3586.0
4974,2126.0,2022-11-16,1230.0
10928,117.0,2023-09-29,500.5
11539,1170.0,2024-11-15,2074.0
181,5282.0,2022-05-06,1500.0
6677,5288.0,2022-06-17,3976.0
4967,287.0,2023-01-02,500.5
8521,299.0,2023-10-15,1500.0
12767,2400.0,2023-04-12,1500.0
2797,2546.0,2023-07-14,500.5
8023,4768.0,2022-12-03,1679.0
7927,4410.0,2022-10-10,1500.0
14739,2060.0,2022-03-17,500.5
10189,2438.0,2024-11-04,1500.0
18206,1678.0,2024-03-23,1500.0
15232,2186.0,2022-03-22,1500.0
5789,1155.0,2023-06-20,1500.0
13357,2381.0,2023-07-17,610.0
13479,628.0,2024-01-08,3940.0
3353,203.0,2022-02-17,4986.0
14512,5297.0,2022-11-27,1500.0
8982,675.0,2024-03-10,500.5
6404,1357.0,2024-01-18,4077.0
13067,1353.0,2023-07-20,4894.0
19246,2752.0,2022-07-26,1500.0
16256,4192.0,2024-11-02,1500.0
3752,1850.0,2022-06-03,500.5
11714,5959.0,2024-11-23,1500.0
12250,404.0,2022-01-20,1677.0
8078,2495.0,2022-07-03,1500.0
4570,1203.0,2022-01-28,1500.0
10436,2353.0,2022-12-18,1500.0
19134,2578.0,2024-05-23,2085.0
10720,3860.0,2022-05-24,1500.0
8621,3753.0,2023-12-17,4441.0
10546,2609.0,2022-06-11,1073.0
17679,404.0,2023-06-13,1500.0
8333,2631.0,2022-11-20,1500.0
11182,2459.0,2022-01-07,1697.0
6196,4038.0,2024-06-15,1500.0
11700,2206.0,2024-09-06,1572.0
3193,4637.0,2022-03-24,2920.0
1894,2387.0,2023-03-24,1500.0
19302,4926.0,2023-12-22,1500.0
16166,2702.0,2023-02-12,1500.0
18846,1170.0,2023-06-20,1723.0
10746,1918.0,2023-03-19,2907.0
8585,2885.0,2024-03-22,1500.0
3675,502.0,2022-10-03,1500.0
1320,5017.0,2022-10-27,4649.0
19020,5629.0,2024-07-23,1500.0
6357,1420.0,2024-11-10,1500.0
17920,3290.0,2023-10-13,500.5
703,5547.0,2024-10-07,1500.0
10249,1962.0,2023-01-05,500.5
3718,4534.0,2024-05-09,4937.0
1452,761.0,2024-05-25,4039.0
8515,5438.0,2024-05-23,1500.0
5824,11.0,2024-06-04,3491.0
4530,989.0,2022-09-28,1500.0
4677,3272.0,2024-01-03,1500.0
19789,2986.0,2022-03-20,1500.0
17633,5621.0,2022-09-01,2896.0
7700,875.0,2022-07-09,1500.0
14837,1253.0,2022-04-03,1500.0
372,5518.0,2022-08-08,1331.0
6409,2626.0,2022-01-15,1500.0
18360,3343.0,2023-03-18,1500.0
7466,4189.0,2022-01-23,3904.0
866,5943.0,2024-01-27,1500.0
6337,3714.0,2022-03-22,1941.0
19503,3916.0,2023-12-01,3554.0
4087,1571.0,2022-02-04,500.5
6117,2628.0,2022-11-18,500.5
691,2851.0,2022-05-20,1500.0
5097,2844.0,2023-10-28,500.5
10405,2615.0,2022-05-24,1885.0
7060,4673.0,2022-07-27,2007.0
12730,2444.0,2024-07-05,1500.0
19740,4642.0,2023-11-10,1500.0
3805,3669.0,2024-09-02,4387.0
93,1257.0,2024-03-15,3129.0
3091,5611.0,2024-07-07,1500.0
3909,1294.0,2023-08-05,1500.0
14060,3016.0,2022-03-03,1145.0
17809,1736.0,2022-08-15,500.5
7071,2188.0,2024-09-03,1500.0
8168,2724.0,2024-05-12,1500.0
15978,2579.0,2023-02-12,1500.0
13817,4710.0,2022-12-18,1500.0
13789,1677.0,2023-06-19,500.5
73,4951.0,2022-06-18,1500.0
4324,1721.0,2024-11-05,1500.0
19349,2084.0,2024-12-12,2883.0
6461,5284.0,2024-05-24,257.0
1823,5800.0,2023-07-17,3010.0
19734,5646.0,2023-01-13,2453.0
9419,2118.0,2023-08-01,1500.0
1551,1084.0,2023-07-13,1500.0
17769,319.0,2023-09-14,1500.0
18361,3889.0,2022-04-21,2001.0
5744,1138.0,2022-10-04,1500.0
15118,5209.0,2022-01-24,4800.0
9413,740.0,2023-10-09,500.5
17211,4738.0,2024-04-19,500.5
10021,4325.0,2022-04-29,1500.0
18201,3350.0,2023-10-19,1500.0
8361,441.0,2022-04-29,1500.0
9807,1760.0,2022-12-28,1500.0
11722,3697.0,2023-03-17,1500.0
8821,5466.0,2022-06-06,208.0
11647,2868.0,2023-03-18,4771.0
18875,5565.0,2023-11-07,1500.0
11710,4017.0,2023-06-29,1500.0
12923,1243.0,2023-09-30,500.5
12221,2428.0,2024-07-26,2871.0
7042,772.0,2023-10-03,2387.0
7332,99.0,2023-07-12,1500.0
15063,2993.0,2022-07-16,2243.0
10447,437.0,2022-06-30,1500.0
2928,3821.0,2022-11-28,1500.0
12561,5442.0,2024-04-03,1500.0
11890,2761.0,2022-11-10,1500.0
16090,100.0,2024-05-30,1500.0
18077,2752.0,2022-11-10,1500.0
17049,5769.0,2022-12-18,1500.0
12090,635.0,2023-12-07,2253.0
7110,586.0,2022-10-17,361.0
11047,4627.0,2023-07-21,1500.0
18648,1818.0,2024-03-07,2073.0
6086,4945.0,2023-09-05,1500.0
7856,1229.0,2023-03-26,1500.0
19086,4166.0,2022-07-25,1500.0
10643,5067.0,2024-08-29,1500.0
5553,298.0,2023-06-08,2494.0
10854,2808.0,2024-04-29,1696.0
12855,1312.0,2022-07-20,500.5
2216,4849.0,2022-12-28,1500.0
8828,5664.0,2023-10-24,1500.0
2904,2326.0,2022-11-19,1850.0
11073,5238.0,2023-12-23,500.5
4866,4037.0,2023-02-17,1500.0
10110,3600.0,2022-09-30,3217.0
8267,1839.0,2023-07-08,1500.0
3239,4836.0,2022-01-15,1500.0
4506,377.0,2024-06-08,500.5
18270,869.0,2023-10-03,4073.0
9014,498.0,2024-07-01,1500.0
5712,4593.0,2024-01-30,2065.0
5052,3924.0,2022-05-03,1500.0
9150,1554.0,2023-10-09,1500.0
17538,375.0,2022-08-25,2258.0
2655,2478.0,2023-07-16,1126.0
18556,5959.0,2024-04-29,1500.0
8994,3816.0,2024-02-17,1500.0
4239,2992.0,2022-08-18,500.5
18813,2237.0,2022-03-14,1500.0
554,1975.0,2024-10-13,1500.0
18659,4883.0,2024-09-16,1500.0
16088,4073.0,2022-04-21,500.5
14627,5197.0,2022-12-23,500.5
14890,4575.0,2023-02-05,500.5
16406,1893.0,2022-07-17,500.5
13395,5112.0,2022-05-30,4776.0
9619,252.0,2022-10-18,1126.0
1770,762.0,2023-08-21,1157.0
13873,5876.0,2023-02-26,3498.0
17999,4925.0,2024-07-21,1500.0
3566,947.0,2024-04-23,1500.0
6240,5817.0,2022-01-23,1500.0
4183,4505.0,2024-02-19,2227.0
19542,4371.0,2024-01-19,1500.0
16877,4850.0,2022-11-13,414.0
9218,2671.0,2022-08-26,1500.0
13276,933.0,2023-09-08,500.5
399,2514.0,2023-02-02,1500.0
1723,4542.0,2022-04-27,1500.0
8989,1634.0,2024-05-07,3248.0
17930,2315.0,2024-10-02,500.5
11788,4652.0,2023-12-20,1500.0
1969,409.0,2023-03-07,1755.0
12153,471.0,2024-03-04,1500.0
4938,3001.0,2024-05-26,1500.0
16127,5967.0,2024-10-01,1500.0
2538,1110.0,2022-12-17,500.5
18555,3757.0,2023-07-04,438.0
14330,1894.0,2024-02-15,1500.0
3525,5493.0,2023-01-17,1500.0
7627,5992.0,2022-02-23,4823.0
4846,5945.0,2023-12-22,2914.0
6663,4688.0,2022-10-14,4946.0
17927,575.0,2024-06-06,2565.0
7124,483.0,2023-01-25,1500.0
720,870.0,2023-07-30,1500.0
15945,1893.0,2022-06-30,4717.0
14052,1930.0,2022-07-16,500.5
19671,4561.0,2024-08-15,1500.0
11408,1598.0,2024-02-20,1500.0
3339,2710.0,2023-10-20,3610.0
8160,5283.0,2022-03-15,1500.0
10901,3520.0,2023-05-21,1500.0
8951,5248.0,2024-06-30,1500.0
15694,4748.0,2022-09-08,2648.0
4080,3202.0,2024-10-02,500.5
7617,3403.0,2022-05-18,2000.0
4078,3773.0,2024-05-23,2626.0
8990,2159.0,2023-03-09,2807.0
6701,2780.0,2023-01-23,1500.0
1656,2120.0,2023-05-07,311.0
2144,2648.0,2024-06-09,500.5
11281,1622.0,2022-03-01,1500.0
8777,3938.0,2024-10-27,1500.0
8908,202.0,2024-09-22,3564.0
1319,4324.0,2023-12-09,2284.0
10360,3788.0,2024-06-05,1500.0
16763,86.0,2023-11-09,1500.0
17917,4424.0,2022-06-28,1500.0
18117,117.0,2023-09-17,500.5
517,4703.0,2024-02-27,1500.0
11175,1174.0,2023-04-12,1500.0
2630,4066.0,2024-06-10,3987.0
3335,3671.0,2023-06-03,500.5
15505,715.0,2024-12-24,4014.0
13429,68.0,2023-06-11,1232.0
15840,839.0,2023-06-12,1500.0
6325,1747.0,2024-09-05,1500.0
12871,4152.0,2023-03-31,4583.0
4850,430.0,2024-07-28,1500.0
4706,1042.0,2022-09-10,500.5
13402,3507.0,2024-12-02,3029.0
14061,1130.0,2023-01-10,1500.0
7526,587.0,2022-12-09,4530.0
4370,4083.0,2024-10-01,1757.0
16556,1833.0,2022-08-27,1441.0
19588,1590.0,2023-03-10,1500.0
6875,4963.0,2023-05-20,162.0
18265,2030.0,2023-05-20,1500.0
14881,3959.0,2022-11-04,1500.0
15881,5438.0,2024-05-10,500.5
13273,46.0,2023-07-27,1500.0
3765,4726.0,2022-12-14,4354.0
9724,5097.0,2022-08-08,500.5
3749,1120.0,2022-05-31,4607.0
8956,4420.0,2023-02-03,500.5
13410,4352.0,2024-04-24,1500.0
18447,4781.0,2023-09-28,1500.0
2776,2352.0,2022-11-14,1500.0
18244,780.0,2024-03-23,755.0
5028,344.0,2024-12-20,1500.0
15687,1362.0,2024-07-03,1500.0
12480,3833.0,2023-06-09,301.0
17002,4434.0,2022-10-07,500.5
1201,2004.0,2023-04-13,714.0
3120,5103.0,2022-03-26,1679.0
6391,262.0,2023-02-09,857.0
5154,2322.0,2024-02-19,1500.0
1390,5993.0,2024-09-12,3536.0
11534,1358.0,2023-12-18,2786.0
6819,5293.0,2024-08-04,1500.0
17163,2477.0,2022-12-26,4743.0
2111,5095.0,2023-11-14,500.5
16536,1409.0,2023-11-27,1500.0
18584,4200.0,2022-07-17,1500.0
11593,1505.0,2023-05-18,1500.0
453,1952.0,2022-06-02,4573.0
9833,2867.0,2023-06-18,2045.0
14386,1287.0,2022-01-25,1500.0
4302,1257.0,2024-12-14,4123.0
1420,4330.0,2022-03-13,2707.0
6872,2607.0,2022-11-15,4889.0
3889,3104.0,2024-09-16,1500.0
1350,2797.0,2023-04-29,1500.0
12246,3027.0,2023-08-06,1500.0
19321,2071.0,2022-04-02,2854.0
8518,82.0,2024-01-31,1429.0
2562,1767.0,2023-10-19,500.5
17394,4246.0,2023-01-02,1217.0
11396,3731.0,2023-02-18,1500.0
3472,1596.0,2024-04-16,1500.0
12340,4253.0,2022-12-19,1500.0
4639,4301.0,2023-12-02,1500.0
3696,3802.0,2024-05-13,500.5
15493,1612.0,2022-06-13,3169.0
19897,718.0,2023-11-20,1500.0
11119,5146.0,2024-10-27,4488.0
10094,2361.0,2023-09-17,920.0
12128,1838.0,2023-03-29,927.0
11443,2188.0,2022-12-10,1500.0
16672,2827.0,2024-12-24,1500.0
4195,5612.0,2022-02-01,619.0
13953,699.0,2022-01-08,1788.0
7945,898.0,2024-06-02,1500.0
1644,3379.0,2022-06-13,1500.0
12624,2907.0,2024-10-08,2856.0
4796,109.0,2023-09-22,1998.0
16209,4848.0,2023-09-29,1500.0
735,2043.0,2022-09-01,666.0
8565,4596.0,2023-01-31,1500.0
6126,5268.0,2024-07-15,500.5
2314,2203.0,2022-09-09,1500.0
3881,4997.0,2024-09-22,1500.0
16471,5646.0,2023-05-21,1736.0
12226,3069.0,2024-11-03,1500.0
9024,3321.0,2024-12-20,1500.0
9271,3895.0,2022-04-18,500.5
16025,2699.0,2022-03-16,1500.0
3690,4165.0,2023-04-05,1500.0
8971,801.0,2024-07-14,2976.0
9936,5968.0,2022-07-12,1500.0
16411,3119.0,2023-06-18,500.5
4689,5466.0,2023-11-08,1500.0
18771,450.0,2024-03-19,1500.0
7714,1303.0,2024-02-23,3690.0
7106,147.0,2022-05-05,1500.0
11725,538.0,2024-04-05,1500.0
15611,3580.0,2023-01-21,1500.0
18999,579.0,2023-12-18,1463.0
16243,5986.0,2023-12-08,3904.0
19051,2857.0,2022-04-28,500.5
10671,1935.0,2023-03-02,2645.0
11550,5200.0,2022-11-15,1500.0
6090,5653.0,2023-09-30,4422.0
13590,1169.0,2023-10-31,1500.0
1614,5709.0,2023-03-04,1500.0
5016,5454.0,2024-06-12,2722.0
18056,4713.0,2022-11-20,432.0
6679,526.0,2024-02-15,1500.0
5500,4833.0,2022-11-13,2960.0
10757,5212.0,2022-06-09,500.5
1387,4118.0,2022-12-06,1500.0
10640,5688.0,2023-08-15,1500.0
16252,801.0,2024-11-10,3200.0
8354,616.0,2023-01-21,4698.0
10861,5633.0,2022-04-24,1500.0
3725,707.0,2022-08-22,1500.0
17567,1090.0,2023-12-13,1500.0
18425,1222.0,2023-04-15,500.5
8063,2378.0,2022-02-06,1500.0
8414,2608.0,2024-11-02,1500.0
15101,5637.0,2024-09-20,1500.0
11866,440.0,2024-04-25,1500.0
4774,2667.0,2022-01-08,1500.0
10569,1616.0,2023-01-17,1500.0
10633,4774.0,2022-10-19,4296.0
5452,276.0,2023-12-10,500.5
8233,3596.0,2022-05-22,1500.0
12859,642.0,2024-10-29,1500.0
18135,1138.0,2024-12-10,1500.0
7998,1464.0,2023-01-18,1500.0
13987,1060.0,2022-03-29,1500.0
4185,2416.0,2022-05-25,1500.0
5373,3024.0,2022-07-26,1500.0
6338,4151.0,2023-06-25,500.5
11947,2883.0,2024-03-09,4737.0
8932,5801.0,2022-10-20,1500.0
17152,1525.0,2024-06-30,1500.0
18975,1896.0,2024-04-17,4115.0
17353,3332.0,2024-09-14,1500.0
13166,4065.0,2024-09-18,1500.0
12327,2321.0,2023-11-19,4767.0
9164,1414.0,2022-08-21,1500.0
4666,1899.0,2022-06-20,500.5
5127,2579.0,2022-05-21,1500.0
18973,3422.0,2023-07-25,1457.0
6483,362.0,2023-11-25,1500.0
16492,2029.0,2022-07-21,4148.0
6558,5249.0,2022-08-07,500.5
2804,4058.0,2022-01-13,1282.0
9177,5497.0,2022-10-28,3945.0
8581,3946.0,2024-04-09,1500.0
4799,2821.0,2024-05-05,2806.0
3618,5979.0,2023-01-28,959.0
4609,3265.0,2022-08-07,2589.0
260,4127.0,2022-06-17,1500.0
4103,5258.0,2022-01-24,4685.0
7903,1927.0,2024-12-12,1500.0
14275,1230.0,2024-02-18,500.5
19452,568.0,2022-02-08,500.5
13115,4981.0,2022-02-26,500.5
4891,2994.0,2022-11-03,1500.0
10795,1097.0,2022-01-12,4569.0
4603,2300.0,2022-07-15,3579.0
8548,2662.0,2023-03-14,940.0
1487,4292.0,2024-07-15,1500.0
13617,3657.0,2022-10-29,500.5
5414,1759.0,2022-08-28,1500.0
2117,5677.0,2022-07-16,1500.0
6429,5097.0,2022-05-07,1500.0
18638,4428.0,2023-06-06,1500.0
19754,3163.0,2024-05-10,1500.0
12753,2093.0,2022-11-20,500.5
12869,2589.0,2022-02-11,500.5
6588,5222.0,2022-04-14,1500.0
7200,1842.0,2022-01-13,1500.0
2705,2011.0,2022-08-01,1500.0
16531,1791.0,2022-12-15,1500.0
17187,3841.0,2023-05-17,1500.0
17348,1684.0,2023-10-25,1500.0
15824,4668.0,2023-01-25,1500.0
1660,884.0,2022-07-20,500.5
17569,2615.0,2022-06-19,1189.0
11637,644.0,2024-05-17,2197.0
1026,1428.0,2022-12-22,1500.0
16061,3363.0,2022-02-12,1500.0
9286,4280.0,2022-07-02,3177.0
11649,5494.0,2024-02-23,1081.0
15890,3894.0,2024-05-23,350.0
19395,1734.0,2022-02-19,1500.0
4277,909.0,2022-03-29,1500.0
3995,547.0,2024-06-11,2444.0
16670,4441.0,2024-01-10,500.5
208,5700.0,2023-01-16,2168.0
9778,3200.0,2024-05-03,1500.0
2501,3621.0,2024-02-23,1500.0
17507,2714.0,2023-08-04,1500.0
10826,2143.0,2024-02-09,1500.0
1364,1472.0,2024-01-23,1279.0
15019,5895.0,2022-12-20,1500.0
19032,4103.0,2024-10-25,1500.0
16402,2900.0,2022-11-22,500.5
13711,5011.0,2024-03-31,4681.0
18535,361.0,2022-10-28,4516.0
15442,3963.0,2022-07-07,1500.0
3716,19.0,2024-10-21,4091.0
3019,5781.0,2023-04-29,1500.0
338,1507.0,2022-10-06,500.5
4045,4339.0,2024-02-06,1500.0
5493,3875.0,2022-03-16,1500.0
5511,2460.0,2022-11-04,1500.0
15871,3078.0,2024-03-22,3075.0
16314,5110.0,2022-02-15,500.5
11768,2483.0,2023-12-24,1500.0
6233,2262.0,2023-11-06,1249.0
12610,264.0,2024-03-01,132.0
9309,114.0,2022-09-16,500.5
2967,3853.0,2024-12-18,1500.0
8452,4104.0,2023-07-28,1500.0
2828,4936.0,2022-10-14,500.5
13880,5215.0,2023-05-08,1500.0
8236,5690.0,2024-09-10,1500.0
16851,1032.0,2022-10-20,398.0
18320,5967.0,2022-04-07,1500.0
10061,2797.0,2023-03-22,500.5
7015,2109.0,2022-04-13,351.0
18717,4033.0,2024-06-18,1500.0
13167,1818.0,2022-11-14,1500.0
17181,5569.0,2024-03-19,500.5
3200,3746.0,2023-09-02,500.5
7694,745.0,2024-02-03,1500.0
15266,5284.0,2022-08-23,1500.0
7975,2598.0,2023-10-30,1500.0
6307,3099.0,2022-01-30,1500.0
10652,5051.0,2022-09-18,500.5
15802,2374.0,2024-10-31,1500.0
10457,948.0,2024-07-13,3458.0
995,4453.0,2024-01-17,4998.0
11521,795.0,2023-06-03,4670.0
6428,1315.0,2023-11-15,1500.0
879,5536.0,2023-02-19,4034.0
3601,1919.0,2023-12-28,1500.0
1995,4312.0,2023-10-19,1500.0
16042,5459.0,2024-07-28,3168.0
5852,3283.0,2023-06-26,1500.0
7258,4543.0,2022-08-13,538.0
8367,2288.0,2024-07-12,500.5
8968,2728.0,2024-03-31,1500.0
16750,2799.0,2024-11-18,500.5
2030,2192.0,2022-08-15,500.5
8441,2616.0,2022-12-08,500.5
7315,3025.0,2023-05-15,3327.0
5555,5119.0,2023-10-30,2319.0
12581,2954.0,2023-03-06,1500.0
15016,2999.0,2022-07-04,500.5
15615,2896.0,2023-05-04,1209.0
15896,1216.0,2023-11-23,1500.0
16168,1834.0,2022-01-20,1500.0
7732,1015.0,2022-01-14,500.5
19659,940.0,2022-11-27,1500.0
14880,2095.0,2022-07-17,1500.0
2407,3665.0,2022-02-17,1500.0
11017,5483.0,2024-09-13,1500.0
2115,4884.0,2024-12-30,2219.0
2017,5417.0,2023-07-28,4632.0
11673,1674.0,2024-04-11,3978.0
16611,1789.0,2023-06-23,1500.0
7687,1885.0,2023-08-16,1500.0
9932,1913.0,2023-02-03,1500.0
17616,5299.0,2024-10-27,1500.0
16033,1350.0,2024-10-08,1500.0
5149,798.0,2022-11-14,1500.0
11642,2191.0,2023-02-05,1500.0
11158,2559.0,2022-01-12,1500.0
160,357.0,2022-09-25,1500.0
18355,583.0,2023-10-03,3564.0
1306,3058.0,2023-12-03,500.5
15312,3938.0,2024-09-10,1500.0
12590,676.0,2024-02-22,1500.0
3424,5684.0,2024-01-22,2656.0
3103,298.0,2023-10-26,4409.0
8266,5946.0,2023-10-02,1500.0
9914,4596.0,2023-01-02,903.0
10000,2640.0,2023-03-02,1500.0
14878,4131.0,2023-02-03,500.5
14031,680.0,2022-07-25,1638.0
1908,1667.0,2022-01-12,1500.0
16865,390.0,2022-08-22,1500.0
17079,1098.0,2024-11-02,1500.0
10482,1860.0,2024-11-22,500.5
12172,5600.0,2022-06-19,500.5
13843,2279.0,2024-03-17,1500.0
4573,4609.0,2024-01-22,1500.0
6851,4649.0,2023-01-17,1500.0
12133,5433.0,2024-06-03,1500.0
10819,5684.0,2024-10-16,1500.0
2675,1312.0,2022-05-13,1500.0
16555,1232.0,2024-11-18,1500.0
17617,3336.0,2022-03-27,395.0
11853,1115.0,2023-04-24,1350.0
16222,5873.0,2024-01-20,795.0
418,2293.0,2024-01-26,1794.0
18783,5659.0,2022-02-15,1500.0
3580,391.0,2022-12-06,1500.0
12415,4722.0,2024-03-11,1158.0
2811,604.0,2023-04-06,1500.0
10345,3073.0,2024-06-22,500.5
7957,5382.0,2024-07-01,1738.0
15683,3266.0,2024-09-20,1500.0
1550,5110.0,2023-09-21,1500.0
10872,3672.0,2024-07-02,4270.0
1357,3071.0,2023-07-27,1500.0
10559,2043.0,2024-03-23,500.5
14752,5676.0,2023-12-11,500.5
7127,4403.0,2022-03-06,1500.0
10624,4006.0,2024-11-12,1500.0
9005,2868.0,2024-08-10,1500.0
19266,1958.0,2022-10-05,3508.0
7890,1874.0,2022-10-27,2204.0
3549,867.0,2022-06-18,1500.0
7502,5600.0,2022-01-14,1500.0
12917,4542.0,2022-03-15,1500.0
14372,2209.0,2022-07-05,1500.0
9346,4829.0,2022-10-20,199.0
8929,3974.0,2023-01-24,500.5
11899,5974.0,2024-05-19,1500.0
7774,1857.0,2022-06-29,1500.0
4369,3776.0,2023-09-01,1500.0
2448,5954.0,2024-11-04,470.0
18342,4579.0,2022-11-04,1500.0
19202,5037.0,2024-06-29,2931.0
15193,3025.0,2024-05-23,4119.0
9542,944.0,2023-03-18,1500.0
13579,425.0,2024-11-20,2273.0
5986,3707.0,2022-02-24,1500.0
9896,5897.0,2024-06-24,1412.0
16726,5356.0,2023-03-26,2378.0
10412,4602.0,2023-04-01,806.0
16239,841.0,2024-08-01,4739.0
7271,3918.0,2022-02-18,4265.0
4628,3558.0,2024-11-02,344.0
8592,4292.0,2024-09-06,1500.0
12657,4139.0,2024-06-11,1500.0
17148,3811.0,2023-03-22,482.0
15031,1941.0,2024-01-05,1500.0
12043,130.0,2022-07-09,1500.0
19282,5028.0,2023-04-22,1047.0
1140,2027.0,2024-03-20,1500.0
4495,3537.0,2023-06-29,1500.0
15829,45.0,2022-02-17,500.5
2874,842.0,2023-02-15,432.0
1247,2258.0,2023-01-17,1500.0
14471,4850.0,2022-01-31,1500.0
9237,1144.0,2023-01-17,567.0
14826,134.0,2022-06-28,1500.0
17783,5660.0,2022-01-24,1500.0
5632,1320.0,2023-10-13,500.5
1141,5215.0,2022-01-13,1500.0
2285,903.0,2023-05-28,1500.0
5727,510.0,2022-04-14,1500.0
3194,3536.0,2022-03-15,1500.0
4925,835.0,2023-08-15,2573.0
4532,1051.0,2024-10-06,1500.0
14341,5637.0,2023-01-30,4160.0
16064,631.0,2022-07-02,2905.0
5205,1661.0,2022-03-11,1500.0
19095,4561.0,2024-10-03,4499.0
102,3386.0,2023-11-04,1500.0
5767,252.0,2022-05-28,1500.0
11540,182.0,2022-01-16,1500.0
7749,3289.0,2023-09-02,1500.0
18652,1316.0,2023-08-05,2406.0
14142,2498.0,2024-07-07,1500.0
7992,5227.0,2023-08-18,1500.0
12556,5309.0,2023-12-23,2318.0
5218,4835.0,2023-10-24,1500.0
17417,2678.0,2023-02-01,500.5
5579,261.0,2024-04-10,1500.0
11791,193.0,2023-04-10,1500.0
9979,3093.0,2024-07-24,1500.0
8268,329.0,2024-08-07,972.0
828,5102.0,2024-05-19,1500.0
12084,5648.0,2023-02-03,1500.0
3250,2662.0,2023-10-17,1500.0
8651,3306.0,2022-08-26,2875.0
100,4961.0,2022-04-09,1868.0
6149,2710.0,2023-05-18,1500.0
15988,1518.0,2022-11-16,1500.0
5038,2713.0,2023-01-30,1500.0
2099,5570.0,2022-02-04,1500.0
7214,5431.0,2022-01-20,1500.0
1708,1498.0,2024-07-12,1500.0
4109,1660.0,2022-06-01,4470.0
17688,4836.0,2022-05-07,1500.0
12455,4264.0,2023-04-05,1500.0
16043,3504.0,2024-04-23,1500.0
5075,4256.0,2024-09-09,1500.0
10143,1014.0,2022-11-21,1500.0
1843,1000.0,2023-10-16,4910.0
17962,900.0,2022-04-28,1239.0
17668,5959.0,2022-06-09,1500.0
13721,3277.0,2023-03-29,500.5
1321,2801.0,2022-11-01,1500.0
6794,2006.0,2024-08-18,963.0
5007,1760.0,2022-05-14,1500.0
8843,4383.0,2024-08-24,1500.0
6085,5443.0,2024-12-10,1672.0
16550,2305.0,2023-06-14,2024.0
7393,4191.0,2024-02-16,1500.0
18844,1106.0,2023-11-20,1500.0
1536,1690.0,2024-01-15,500.5
17319,4413.0,2023-03-09,500.5
5304,573.0,2023-08-11,1500.0
9528,1428.0,2024-04-29,1700.0
15399,5225.0,2022-04-30,1495.0
11623,3614.0,2024-07-11,1500.0
6973,612.0,2022-12-06,1500.0
2932,980.0,2024-08-23,3619.0
17242,3623.0,2022-09-11,1500.0
441,533.0,2023-02-08,504.0
15965,5084.0,2023-08-05,1500.0
3700,2787.0,2023-12-17,1500.0
2021,2267.0,2023-12-10,1500.0
14376,5743.0,2023-10-20,500.5
14974,3153.0,2024-01-23,3783.0
186,5406.0,2023-02-16,4300.0
4353,1248.0,2022-10-07,4089.0
19956,1287.0,2022-12-27,500.5
15041,2318.0,2022-10-13,1500.0
4031,5402.0,2024-03-13,1500.0
4830,3429.0,2024-03-01,2598.0
9358,2242.0,2022-03-05,3374.0
4762,4583.0,2023-12-31,3437.0
17933,2676.0,2024-01-05,500.5
12044,1254.0,2023-04-26,4621.0
18146,5961.0,2024-02-20,1500.0
11792,3518.0,2023-08-27,4779.0
2204,1833.0,2022-03-10,1500.0
5964,412.0,2022-08-03,1500.0
15629,1161.0,2022-04-13,4613.0
19645,2069.0,2022-02-08,3752.0
9879,2138.0,2022-09-27,1500.0
13080,5917.0,2022-04-04,1500.0
12910,5319.0,2024-03-29,1500.0
17797,5093.0,2024-12-04,500.5
10739,4771.0,2024-06-23,1666.0
8476,294.0,2024-05-28,1500.0
8477,2485.0,2023-12-22,4578.0
15065,4912.0,2023-12-17,3074.0
3642,3326.0,2023-12-07,996.0
6961,200.0,2022-02-03,1500.0
18943,2863.0,2024-10-11,1500.0
19879,5071.0,2024-05-06,398.0
4884,1883.0,2023-12-28,1500.0
8771,675.0,2023-08-15,3093.0
14514,1953.0,2023-06-26,500.5
6469,459.0,2023-07-29,1500.0
5954,1820.0,2022-05-30,500.5
2187,3847.0,2022-05-26,1500.0
11916,4563.0,2022-11-14,500.5
17283,278.0,2023-08-08,1500.0
4595,1891.0,2024-11-09,1149.0
4849,1828.0,2022-01-27,4187.0
16301,1165.0,2023-08-07,4863.0
3169,586.0,2023-12-29,4371.0
19387,3543.0,2022-05-07,1500.0
11189,1764.0,2022-05-11,4251.0
2037,5189.0,2024-05-14,4464.0
8854,2099.0,2022-05-15,1500.0
1851,1678.0,2023-04-04,1564.0
3790,5867.0,2023-07-23,500.5
3097,5704.0,2024-11-21,1500.0
3841,172.0,2022-06-04,1596.0
17574,2070.0,2024-07-22,500.5
15667,441.0,2023-07-23,1463.0
1840,689.0,2023-01-23,500.5
17856,115.0,2024-11-04,226.0
8505,5018.0,2023-09-03,1500.0
15364,2150.0,2023-10-15,1500.0
19249,4968.0,2022-02-04,3704.0
13104,5265.0,2022-10-30,4671.0
631,315.0,2022-02-13,1500.0
5563,2557.0,2024-02-07,1500.0
15640,2011.0,2022-12-26,2970.0
13912,4880.0,2023-11-02,1500.0
2165,5493.0,2022-06-11,1500.0
13186,1728.0,2023-08-20,4758.0
3441,2149.0,2023-04-05,1500.0
19340,438.0,2022-03-17,1500.0
5878,2453.0,2023-10-09,285.0
17549,1471.0,2022-10-28,500.5
762,215.0,2022-10-09,1500.0
7180,4801.0,2023-11-27,2875.0
18118,2255.0,2023-05-25,500.5
7003,5305.0,2024-08-15,1500.0
10500,2637.0,2024-03-28,3712.0
13292,2598.0,2024-07-04,127.0
3277,1873.0,2024-02-10,1500.0
2188,5652.0,2023-03-03,500.5
13459,4923.0,2024-01-10,1500.0
17858,322.0,2023-02-06,1500.0
14632,1476.0,2023-03-25,1500.0
5793,584.0,2022-12-18,1579.0
16725,1486.0,2024-11-17,1500.0
2946,752.0,2024-07-14,1500.0
14310,5058.0,2022-08-21,1500.0
16054,4716.0,2023-08-16,1500.0
9652,2728.0,2024-09-04,3098.0
9314,376.0,2022-10-26,1500.0
2920,3449.0,2024-05-22,1500.0
16338,4002.0,2022-07-14,1500.0
5463,4019.0,2022-01-02,1500.0
17884,241.0,2024-12-23,500.5
17851,3805.0,2023-02-12,1421.0
14516,28.0,2024-02-23,500.5
13995,3051.0,2022-06-21,1154.0
16740,2512.0,2023-01-17,1500.0
11656,5492.0,2022-06-17,500.5
2317,3056.0,2022-10-08,1500.0
9994,2162.0,2022-05-11,2658.0
16374,4664.0,2022-07-27,1383.0
8729,4324.0,2023-08-30,500.5
5637,400.0,2023-10-16,500.5
18214,5188.0,2023-07-14,1574.0
13243,1739.0,2022-10-22,1500.0
11387,1468.0,2024-11-01,1500.0
3310,1800.0,2024-03-03,1500.0
5840,2126.0,2024-12-07,1500.0
13087,2411.0,2023-02-01,841.0
2930,4419.0,2022-05-27,3229.0
1622,1918.0,2024-06-02,1500.0
1978,4511.0,2022-05-02,1500.0
17924,4057.0,2024-05-16,1500.0
3287,4797.0,2022-01-31,500.5
15757,787.0,2024-01-29,1500.0
16085,1893.0,2022-04-13,1500.0
19354,765.0,2023-09-30,1500.0
10429,185.0,2023-08-30,1500.0
14047,900.0,2023-04-19,1500.0
6450,1440.0,2024-09-17,1500.0
2329,800.0,2022-12-26,1500.0
19433,1115.0,2022-03-08,1500.0
17243,5143.0,2024-03-05,2761.0
13853,323.0,2023-12-27,1500.0
18642,608.0,2022-06-30,1111.0
10154,5524.0,2024-03-18,4176.0
7216,3719.0,2023-03-18,500.5
15338,5668.0,2023-02-23,4823.0
14281,2663.0,2022-04-21,842.0
9088,5920.0,2022-12-26,500.5
12017,1922.0,2022-08-20,1500.0
4011,1081.0,2022-01-13,500.5
7804,2545.0,2023-09-05,1500.0
6216,1058.0,2023-02-11,2157.0
3531,2382.0,2022-10-11,1500.0
15592,4047.0,2023-01-13,781.0
420,4772.0,2022-04-26,500.5
10712,3203.0,2023-07-01,1500.0
8874,182.0,2023-10-12,2056.0
15956,3859.0,2024-09-20,1500.0
10828,1939.0,2024-12-18,500.5
15116,86.0,2022-02-10,1500.0
15517,5967.0,2023-10-01,3141.0
7668,816.0,2024-08-02,1500.0
15067,2839.0,2023-02-04,1500.0
8139,2164.0,2023-07-08,1500.0
3346,899.0,2022-04-12,1500.0
6480,2074.0,2024-09-01,1500.0
6636,1.0,2024-02-06,1500.0
15334,3991.0,2023-10-27,4361.0
17359,4620.0,2024-08-24,1500.0
3070,3862.0,2023-12-15,1500.0
17931,2389.0,2022-12-24,1500.0
3214,4905.0,2022-10-28,500.5
16484,4267.0,2023-03-02,3118.0
8704,5184.0,2023-05-09,500.5
16613,1770.0,2023-07-01,1500.0
5531,3726.0,2023-04-11,3904.0
10308,3243.0,2022-12-30,1500.0
13782,568.0,2023-01-10,500.5
10529,2600.0,2024-02-27,1500.0
1594,5939.0,2024-12-12,500.5
10316,2069.0,2024-07-15,1500.0
6377,2820.0,2023-09-09,1500.0
17333,5851.0,2024-03-24,500.5
17071,4170.0,2024-12-25,664.0
12656,1028.0,2023-09-01,1500.0
15432,1614.0,2023-12-20,1500.0
4915,2348.0,2024-05-17,819.0
8214,3287.0,2024-01-29,4393.0
8834,1848.0,2022-12-10,500.5
16485,2239.0,2024-09-16,500.5
17453,5485.0,2024-02-14,1500.0
9483,2407.0,2022-04-26,500.5
4093,2470.0,2022-08-31,500.5
8934,2728.0,2022-05-22,500.5
8074,2507.0,2024-08-19,4691.0
15952,1987.0,2023-08-04,1500.0
7192,3193.0,2024-04-05,1500.0
17681,863.0,2022-08-30,500.5
11022,3153.0,2022-11-14,1500.0
7860,1452.0,2022-02-10,2310.0
7914,3560.0,2024-06-04,3038.0
5034,5953.0,2022-04-08,1500.0
8511,4500.0,2022-11-30,500.5
10023,3259.0,2023-05-27,518.0
9427,1717.0,2024-04-22,1500.0
6768,4351.0,2024-08-04,1500.0
7555,1192.0,2022-08-05,438.0
18344,4339.0,2024-04-17,1500.0
12790,91.0,2024-05-31,2374.0
9888,5252.0,2023-05-15,1630.0
18111,2960.0,2023-06-12,1500.0
8591,25.0,2024-09-05,1500.0
7501,5057.0,2024-05-27,500.5
8358,1763.0,2024-04-02,1500.0
9667,3473.0,2023-01-25,1500.0
15921,3764.0,2023-10-27,1500.0
9830,4964.0,2023-01-22,1500.0
3574,1834.0,2024-12-16,500.5
16657,1819.0,2023-04-27,1500.0
12502,2040.0,2024-12-31,1500.0
2658,3436.0,2024-06-16,500.5
14955,4571.0,2023-02-07,4534.0
11680,5152.0,2022-04-16,1500.0
6312,4259.0,2022-05-16,3541.0
7848,3147.0,2022-03-14,1500.0
2927,400.0,2022-09-16,4074.0
2411,5065.0,2023-10-18,2982.0
10979,3060.0,2022-12-11,500.5
11200,2076.0,2024-07-15,3287.0
3987,1298.0,2022-08-03,1500.0
2330,5213.0,2024-10-23,1500.0
6361,1541.0,2024-10-15,500.5
4167,3224.0,2023-07-01,1500.0
15747,3817.0,2022-11-26,1500.0
17580,3673.0,2022-11-05,446.0
10286,3430.0,2024-10-23,1500.0
3154,1522.0,2024-07-06,1500.0
1285,2206.0,2024-05-05,1500.0
8288,4727.0,2022-01-23,1500.0
7135,801.0,2022-11-10,1500.0
12672,975.0,2023-09-08,1500.0
19389,607.0,2024-06-03,500.5
3529,4732.0,2023-03-22,1500.0
13039,3297.0,2023-09-14,1500.0
4786,854.0,2022-03-06,500.5
3856,3633.0,2024-09-27,4424.0
19749,1858.0,2022-08-21,1500.0
13232,888.0,2022-09-24,1500.0
12688,4662.0,2022-10-10,500.5
13049,637.0,2022-04-03,1500.0
5490,1900.0,2024-08-03,500.5
2901,5619.0,2023-02-20,1500.0
12416,2709.0,2023-03-15,500.5
5300,5474.0,2023-11-15,3164.0
9639,4423.0,2024-06-19,1500.0
7832,1610.0,2024-04-09,1500.0
9300,1949.0,2024-11-28,1500.0
13278,5970.0,2024-05-30,1500.0
9158,2706.0,2024-08-31,3385.0
17362,1080.0,2023-11-19,1500.0
16185,2507.0,2022-08-04,1500.0
15219,2743.0,2022-02-21,1405.0
19732,3934.0,2022-05-09,1500.0
10159,756.0,2023-07-01,2343.0
6001,3839.0,2023-05-23,1493.0
10629,1110.0,2024-07-19,1500.0
6017,1177.0,2022-05-27,1817.0
4288,1174.0,2023-01-29,4784.0
14793,1429.0,2024-03-27,500.5
7893,2518.0,2022-02-10,500.5
3812,4255.0,2023-08-31,1500.0
19305,1301.0,2023-06-05,3079.0
19175,3598.0,2022-05-09,1500.0
8298,5942.0,2024-03-06,1500.0
7112,231.0,2022-01-10,1500.0
19990,1861.0,2024-05-26,500.5
9612,4846.0,2024-09-09,1500.0
8348,1950.0,2024-01-24,3249.0
5780,3097.0,2022-08-28,1500.0
6824,3654.0,2024-01-29,1500.0
10855,468.0,2023-09-23,3955.0
61,3729.0,2024-12-19,2842.0
2585,3046.0,2023-07-09,858.0
7357,3911.0,2022-11-21,1500.0
4965,5788.0,2023-07-06,1500.0
4114,165.0,2022-03-30,500.5
11689,2841.0,2024-01-02,3978.0
6712,2361.0,2023-09-30,1500.0
5341,2913.0,2022-02-01,1500.0
4502,2329.0,2024-12-05,1500.0
6511,2346.0,2023-12-26,1638.0
11255,2239.0,2023-02-18,1500.0
9408,5962.0,2022-01-20,1500.0
15108,890.0,2024-11-24,3315.0
10351,5167.0,2023-02-01,500.5
4635,1274.0,2024-01-11,2217.0
10834,2686.0,2023-04-22,1500.0
414,3842.0,2023-11-24,1500.0
19570,3416.0,2024-09-15,4380.0
17796,1039.0,2023-08-22,1500.0
12281,3268.0,2022-05-25,500.5
16016,4858.0,2023-04-02,1500.0
17825,1206.0,2022-12-04,1500.0
4466,4659.0,2022-04-30,1770.0
11420,5852.0,2022-01-06,4069.0
6855,1637.0,2023-08-21,1246.0
4400,4887.0,2023-11-09,2419.0
10104,4986.0,2022-08-26,500.5
15090,5583.0,2024-01-11,1500.0
13770,2736.0,2023-08-05,3781.0
13547,2529.0,2022-02-01,1500.0
10364,2667.0,2024-08-07,1500.0
7905,3987.0,2022-01-15,1500.0
5929,5825.0,2023-02-12,500.5
3794,1085.0,2024-05-03,500.5
15910,412.0,2022-08-12,158.0
13443,4387.0,2022-01-15,1500.0
13956,4300.0,2022-07-20,2157.0
17637,2451.0,2024-08-01,2898.0
3857,4915.0,2024-11-17,1500.0
5211,5794.0,2022-08-13,4949.0
9242,1854.0,2023-04-01,3648.0
11374,4685.0,2024-04-11,2468.0
1810,3332.0,2023-11-24,1500.0
17167,5971.0,2022-07-09,1500.0
15417,3847.0,2022-12-27,1500.0
5094,2616.0,2023-05-02,1432.0
7572,603.0,2024-08-28,1500.0
1094,3208.0,2023-07-20,500.5
3906,4301.0,2024-01-29,500.5
13816,4343.0,2024-02-06,1500.0
8577,1071.0,2022-10-05,3780.0
13315,2047.0,2023-05-17,1500.0
6131,4149.0,2024-03-22,500.5
12497,5798.0,2024-06-17,1500.0
9688,5111.0,2024-12-08,968.0
16883,566.0,2024-10-08,1500.0
12140,5884.0,2023-06-28,1500.0
2626,2380.0,2024-01-27,1500.0
19590,5493.0,2022-08-07,2420.0
5042,4557.0,2023-09-13,1189.0
15316,676.0,2024-08-01,1500.0
9198,2902.0,2023-04-16,500.5
9034,2648.0,2024-11-11,500.5
1190,106.0,2023-05-19,1500.0
13491,5546.0,2024-02-19,1500.0
6971,296.0,2023-07-11,1500.0
3979,4991.0,2023-04-28,1500.0
18800,4603.0,2022-08-15,500.5
10242,1932.0,2022-06-15,4919.0
12992,4388.0,2024-03-03,1500.0
10145,3190.0,2023-01-14,1500.0
16500,1174.0,2024-07-31,1500.0
10837,3442.0,2023-12-30,1500.0
10317,3939.0,2022-07-12,1500.0
16893,3867.0,2023-04-17,500.5
16841,2248.0,2022-08-24,1500.0
17221,5975.0,2023-02-20,500.5
19786,2909.0,2022-08-25,1500.0
16276,250.0,2022-10-11,1500.0
11904,2827.0,2022-01-11,1500.0
4979,4204.0,2023-04-06,1500.0
16102,4959.0,2022-06-20,500.5
6366,1245.0,2023-10-02,1500.0
4328,5846.0,2023-11-16,2591.0
1687,4347.0,2023-09-22,1500.0
6613,1467.0,2024-07-15,500.5
16059,3447.0,2023-10-20,500.5
13726,4333.0,2023-03-15,3326.0
12970,5101.0,2022-04-07,1500.0
7697,435.0,2023-06-14,1500.0
5258,309.0,2022-06-15,4382.0
5264,5509.0,2022-05-02,500.5
17536,2171.0,2022-01-05,1500.0
2280,5720.0,2023-05-13,236.0
5504,4039.0,2023-04-24,500.5
8532,4689.0,2023-07-02,1500.0
17629,4566.0,2022-03-30,1500.0
11515,5246.0,2024-05-19,1500.0
18508,5888.0,2022-07-26,4063.0
10587,979.0,2024-12-01,1500.0
2952,899.0,2023-03-09,500.5
6134,340.0,2022-02-15,4617.0
10006,1009.0,2022-12-21,1500.0
18377,5419.0,2024-04-28,500.5
4954,928.0,2024-04-22,1500.0
14567,4327.0,2023-06-27,1500.0
4612,3024.0,2024-07-08,2305.0
2570,4146.0,2022-01-26,1500.0
12173,3745.0,2024-07-31,2769.0
5255,1465.0,2023-02-10,1500.0
3171,3334.0,2023-12-01,4848.0
4064,2260.0,2023-11-13,1500.0
12663,4191.0,2022-11-11,500.5
4670,3041.0,2024-11-12,500.5
6585,2740.0,2023-04-08,1500.0
15298,719.0,2022-12-08,2463.0
1547,1921.0,2022-10-23,1500.0
257,4759.0,2024-02-11,1500.0
16644,4442.0,2024-01-19,4599.0
16333,579.0,2024-07-17,811.0
19435,5584.0,2024-08-18,1500.0
11300,5269.0,2023-01-17,1500.0
7575,2551.0,2023-07-08,1632.0
3880,3883.0,2023-01-30,969.0
16115,4868.0,2023-06-09,1500.0
5833,4549.0,2024-06-19,1500.0
19374,5708.0,2024-12-18,500.5
18388,3664.0,2022-10-03,1500.0
3910,4672.0,2022-07-14,3910.0
6920,5596.0,2024-12-09,1500.0
12579,4297.0,2023-12-17,2213.0
18839,5685.0,2024-09-07,500.5
11044,4711.0,2024-12-14,1500.0
5602,4683.0,2023-07-12,1500.0
15955,5535.0,2024-01-19,1500.0
19445,3596.0,2023-11-10,1500.0
14393,1048.0,2024-11-03,1500.0
18888,4326.0,2024-07-09,662.0
19613,3060.0,2024-10-03,1500.0
8297,1089.0,2023-05-22,1500.0
17301,599.0,2024-12-23,1500.0
5660,1918.0,2023-11-16,500.5
11465,1354.0,2024-04-22,3043.0
10617,315.0,2024-02-13,500.5
19084,5651.0,2022-08-24,1500.0
19419,2320.0,2022-06-19,500.5
5230,5226.0,2022-05-12,3742.0
2652,4654.0,2022-09-04,1500.0
9047,3337.0,2024-07-13,4868.0
3137,2297.0,2024-01-16,3833.0
12618,4599.0,2022-03-19,1500.0
16767,2511.0,2024-09-15,1500.0
8693,4850.0,2022-12-10,1500.0
14369,4132.0,2024-12-23,2971.0
19632,1135.0,2022-09-01,4601.0
9294,4464.0,2022-05-12,4486.0
7308,4921.0,2024-02-25,1500.0
5019,2548.0,2023-07-14,3982.0
9988,1810.0,2023-07-07,500.5
2474,676.0,2022-10-14,1500.0
8395,4623.0,2024-09-29,500.5
1313,685.0,2024-12-20,1500.0
14930,1726.0,2024-04-07,4946.0
6739,5382.0,2022-05-08,500.5
5751,4926.0,2024-03-21,3773.0
5099,3328.0,2024-01-02,500.5
4662,4663.0,2023-04-30,1500.0
16985,4150.0,2023-10-14,1500.0
13059,3696.0,2024-12-04,1500.0
17751,5383.0,2023-07-20,500.5
7808,4587.0,2022-02-15,500.5
18142,3793.0,2024-03-24,500.5
18030,5939.0,2023-02-26,1049.0
14008,1653.0,2024-02-19,1500.0
16604,2892.0,2023-04-21,1500.0
14154,484.0,2024-10-27,1500.0
16439,2891.0,2023-10-09,2866.0
14319,5507.0,2024-04-06,500.5
16467,5480.0,2022-06-19,4072.0
15907,2906.0,2024-12-19,1500.0
3463,3361.0,2022-09-26,1500.0
19191,1784.0,2023-10-18,1500.0
13567,5278.0,2023-01-19,1500.0
2102,3989.0,2024-10-25,2319.0
7515,2914.0,2023-12-16,1869.0
10715,5208.0,2022-07-25,1500.0
2504,4791.0,2023-03-16,500.5
2822,56.0,2024-02-26,500.5
7587,396.0,2022-09-15,1500.0
6714,360.0,2024-06-06,500.5
16754,5082.0,2024-08-20,1500.0
10489,946.0,2023-11-26,1500.0
3451,5153.0,2023-04-30,1847.0
4372,480.0,2024-12-21,1500.0
1653,1657.0,2024-07-14,2228.0
12118,262.0,2022-11-20,1500.0
15731,3490.0,2024-09-15,1500.0
3271,4824.0,2024-05-30,261.0
7017,2680.0,2023-08-31,518.0
8804,5592.0,2024-03-07,1500.0
10749,911.0,2024-11-27,1500.0
16633,1269.0,2023-03-29,500.5
15182,2093.0,2024-10-24,1500.0
18345,3874.0,2023-07-09,1500.0
17373,2160.0,2024-12-12,673.0
19550,3465.0,2024-02-10,1500.0
12068,937.0,2022-03-26,1500.0
13965,1286.0,2023-05-31,500.5
3145,3680.0,2022-04-06,500.5
19698,683.0,2024-09-26,4848.0
8146,2466.0,2022-05-15,1500.0
12701,5283.0,2024-12-29,1500.0
16823,3286.0,2024-07-28,1500.0
11698,5061.0,2023-06-19,1500.0
408,4186.0,2024-09-15,3119.0
3590,81.0,2024-03-02,1500.0
13277,4410.0,2022-06-02,1500.0
10431,1420.0,2024-02-09,2319.0
9869,1696.0,2023-12-15,629.0
14473,5172.0,2024-08-22,1601.0
7800,4984.0,2023-10-05,4236.0
5665,3769.0,2024-09-13,1500.0
11018,205.0,2022-03-09,1500.0
9002,420.0,2023-01-03,1500.0
7464,4300.0,2022-06-20,1500.0
3578,5167.0,2023-09-11,1500.0
11303,1125.0,2024-03-11,4376.0
9841,1440.0,2023-08-25,3159.0
4067,213.0,2024-09-10,1500.0
9544,5457.0,2022-09-23,4696.0
11561,3030.0,2023-10-27,4248.0
15375,3524.0,2024-07-07,1500.0
14643,1745.0,2023-01-10,1500.0
15135,874.0,2022-06-27,1500.0
1172,5650.0,2024-03-12,3727.0
14553,4158.0,2022-10-09,500.5
1558,5055.0,2024-08-05,500.5
19119,3664.0,2022-01-20,1500.0
2206,3277.0,2023-01-17,1500.0
4179,1040.0,2022-01-09,1500.0
10555,5870.0,2024-04-11,1500.0
6093,1494.0,2024-11-20,1500.0
3260,5388.0,2023-04-04,1500.0
14478,4596.0,2022-02-03,1500.0
2608,4056.0,2023-04-05,1500.0
5091,1660.0,2023-03-07,1500.0
17499,2495.0,2023-07-07,1500.0
12875,1317.0,2024-10-11,1500.0
13163,4466.0,2024-01-30,1500.0
18241,4915.0,2022-01-22,1500.0
7794,3030.0,2022-08-12,1500.0
6918,4779.0,2022-04-17,500.5
5280,5753.0,2024-12-22,4638.0
2360,2412.0,2023-09-07,4230.0
9855,5348.0,2024-01-07,1500.0
18310,2148.0,2023-10-25,1500.0
11463,3807.0,2023-12-23,1500.0
14450,823.0,2022-12-06,1500.0
5345,3594.0,2023-08-16,1500.0
16450,5993.0,2024-12-11,1500.0
7351,5112.0,2024-02-28,1500.0
9776,5972.0,2024-08-04,1500.0
19750,3038.0,2023-11-01,1500.0
2884,2545.0,2024-02-24,2749.0
14751,432.0,2023-05-07,1500.0
